2025-12-20 01:35:58,542 - train(rank0) - INFO - overlap / 15-1 / step: 5
2025-12-20 01:35:58,543 - train(rank0) - INFO - The number of datasets: 548 / 74 / 1449 (workers: 12)
2025-12-20 01:35:58,543 - train(rank0) - INFO - Old Classes: [1, 2, 3, 4, 5, 6, 7, 8, 9, 10, 11, 12, 13, 14, 15, 16, 17, 18, 19]
2025-12-20 01:35:58,543 - train(rank0) - INFO - New Classes: [20]
2025-12-20 01:35:59,978 - train(rank0) - INFO - Load weights from a previous step:saved_voc/models/overlap_15-1_phase-append-hardclass/step_4_20251220-011741/checkpoint-epoch60.pth
2025-12-20 01:36:00,639 - train(rank0) - INFO - ** Random Initialization **
2025-12-20 01:36:02,125 - train(rank0) - INFO - pos_weight - 4
2025-12-20 01:36:02,125 - train(rank0) - INFO - Total loss = 1 * L_mbce + 5 * L_pkd
2025-12-20 01:36:02,125 - train(rank0) - INFO - computing number of pixels...
2025-12-20 01:36:05,676 - train(rank0) - INFO - [0/22]
2025-12-20 01:36:08,030 - train(rank0) - INFO - [4/22]
2025-12-20 01:36:08,032 - train(rank0) - INFO - [8/22]
2025-12-20 01:36:08,034 - train(rank0) - INFO - [12/22]
2025-12-20 01:36:09,680 - train(rank0) - INFO - [16/22]
2025-12-20 01:36:09,682 - train(rank0) - INFO - [20/22]
2025-12-20 01:36:10,217 - train(rank0) - INFO - tensor([[21]])
2025-12-20 01:36:10,223 - train(rank0) - INFO - Epoch - 1
2025-12-20 01:36:10,223 - train(rank0) - INFO - computing pred number of pixels...
2025-12-20 01:36:21,810 - train(rank0) - INFO - [0/22]
2025-12-20 01:36:22,401 - train(rank0) - INFO - [4/22]
2025-12-20 01:36:23,143 - train(rank0) - INFO - [8/22]
2025-12-20 01:36:23,885 - train(rank0) - INFO - [12/22]
2025-12-20 01:36:24,628 - train(rank0) - INFO - [16/22]
2025-12-20 01:36:25,370 - train(rank0) - INFO - [20/22]
2025-12-20 01:36:35,404 - train(rank0) - INFO - lr[0]: 0.000100 / lr[1]: 0.000999 / lr[2]: 0.000999
2025-12-20 01:36:35,404 - train(rank0) - INFO - [0/22]
2025-12-20 01:36:38,291 - train(rank0) - INFO - [4/22]
2025-12-20 01:36:41,279 - train(rank0) - INFO - [8/22]
2025-12-20 01:36:44,236 - train(rank0) - INFO - [12/22]
2025-12-20 01:36:47,114 - train(rank0) - INFO - [16/22]
2025-12-20 01:36:49,979 - train(rank0) - INFO - [20/22]
2025-12-20 01:36:50,740 - train(rank0) - INFO -     epoch          : 1
2025-12-20 01:36:50,741 - train(rank0) - INFO -     loss           : 0.4288609014316039
2025-12-20 01:36:50,741 - train(rank0) - INFO -     loss_mbce      : 0.3438888490200043
2025-12-20 01:36:50,741 - train(rank0) - INFO -     loss_pkd       : 0.01074100465550807
2025-12-20 01:36:50,741 - train(rank0) - INFO -     loss_cont      : 0.07423104589635675
2025-12-20 01:36:50,741 - train(rank0) - INFO -     loss_bce_distill: 0.0
2025-12-20 01:36:50,741 - train(rank0) - INFO -     loss_old_step  : 0.0849720524115996
2025-12-20 01:36:50,741 - train(rank0) - INFO -     consistency_ratio: 1.0
2025-12-20 01:36:50,741 - train(rank0) - INFO -     loss_grad      : 0
2025-12-20 01:36:50,741 - train(rank0) - INFO -     loss_fake_legacy: 0.19966664393855768
2025-12-20 01:36:50,741 - train(rank0) - INFO -     loss_fake_phase: 0.5057862861589952
2025-12-20 01:36:50,741 - train(rank0) - INFO -     num_fake_legacy: 127262.0
2025-12-20 01:36:50,741 - train(rank0) - INFO -     num_fake_phase : 104561.59090909091
2025-12-20 01:36:50,746 - train(rank0) - INFO - Epoch - 2
2025-12-20 01:36:54,003 - train(rank0) - INFO - lr[0]: 0.000098 / lr[1]: 0.000984 / lr[2]: 0.000984
2025-12-20 01:36:54,003 - train(rank0) - INFO - [0/22]
2025-12-20 01:36:58,895 - train(rank0) - INFO - [4/22]
2025-12-20 01:37:01,793 - train(rank0) - INFO - [8/22]
2025-12-20 01:37:04,655 - train(rank0) - INFO - [12/22]
2025-12-20 01:37:07,492 - train(rank0) - INFO - [16/22]
2025-12-20 01:37:10,316 - train(rank0) - INFO - [20/22]
2025-12-20 01:37:11,081 - train(rank0) - INFO -     epoch          : 2
2025-12-20 01:37:11,082 - train(rank0) - INFO -     loss           : 0.28616235472939233
2025-12-20 01:37:11,082 - train(rank0) - INFO -     loss_mbce      : 0.2010053193027323
2025-12-20 01:37:11,082 - train(rank0) - INFO -     loss_pkd       : 0.01472159717443653
2025-12-20 01:37:11,082 - train(rank0) - INFO -     loss_cont      : 0.07043544108217413
2025-12-20 01:37:11,082 - train(rank0) - INFO -     loss_bce_distill: 0.0
2025-12-20 01:37:11,082 - train(rank0) - INFO -     loss_old_step  : 0.08515703982927582
2025-12-20 01:37:11,082 - train(rank0) - INFO -     consistency_ratio: 1.0
2025-12-20 01:37:11,082 - train(rank0) - INFO -     loss_grad      : 0
2025-12-20 01:37:11,082 - train(rank0) - INFO -     loss_fake_legacy: 0.007238478611477397
2025-12-20 01:37:11,082 - train(rank0) - INFO -     loss_fake_phase: 0.4177825450897217
2025-12-20 01:37:11,082 - train(rank0) - INFO -     num_fake_legacy: 127262.0
2025-12-20 01:37:11,082 - train(rank0) - INFO -     num_fake_phase : 106206.95454545454
2025-12-20 01:37:11,087 - train(rank0) - INFO - Epoch - 3
2025-12-20 01:37:14,076 - train(rank0) - INFO - lr[0]: 0.000097 / lr[1]: 0.000969 / lr[2]: 0.000969
2025-12-20 01:37:14,076 - train(rank0) - INFO - [0/22]
2025-12-20 01:37:17,908 - train(rank0) - INFO - [4/22]
2025-12-20 01:37:20,669 - train(rank0) - INFO - [8/22]
2025-12-20 01:37:23,383 - train(rank0) - INFO - [12/22]
2025-12-20 01:37:26,111 - train(rank0) - INFO - [16/22]
2025-12-20 01:37:28,854 - train(rank0) - INFO - [20/22]
2025-12-20 01:37:29,520 - train(rank0) - INFO -     epoch          : 3
2025-12-20 01:37:29,520 - train(rank0) - INFO -     loss           : 0.25077409703623166
2025-12-20 01:37:29,520 - train(rank0) - INFO -     loss_mbce      : 0.17172509296373886
2025-12-20 01:37:29,520 - train(rank0) - INFO -     loss_pkd       : 0.010184817338912662
2025-12-20 01:37:29,520 - train(rank0) - INFO -     loss_cont      : 0.06886418624357743
2025-12-20 01:37:29,520 - train(rank0) - INFO -     loss_bce_distill: 0.0
2025-12-20 01:37:29,521 - train(rank0) - INFO -     loss_old_step  : 0.07904900508848103
2025-12-20 01:37:29,521 - train(rank0) - INFO -     consistency_ratio: 1.0
2025-12-20 01:37:29,521 - train(rank0) - INFO -     loss_grad      : 0
2025-12-20 01:37:29,521 - train(rank0) - INFO -     loss_fake_legacy: 0.010309760374101725
2025-12-20 01:37:29,521 - train(rank0) - INFO -     loss_fake_phase: 0.37698952718214557
2025-12-20 01:37:29,521 - train(rank0) - INFO -     num_fake_legacy: 127262.0
2025-12-20 01:37:29,521 - train(rank0) - INFO -     num_fake_phase : 106237.27272727272
2025-12-20 01:37:29,526 - train(rank0) - INFO - Epoch - 4
2025-12-20 01:37:32,607 - train(rank0) - INFO - lr[0]: 0.000095 / lr[1]: 0.000954 / lr[2]: 0.000954
2025-12-20 01:37:32,608 - train(rank0) - INFO - [0/22]
2025-12-20 01:37:37,468 - train(rank0) - INFO - [4/22]
2025-12-20 01:37:40,319 - train(rank0) - INFO - [8/22]
2025-12-20 01:37:42,966 - train(rank0) - INFO - [12/22]
2025-12-20 01:37:45,804 - train(rank0) - INFO - [16/22]
2025-12-20 01:37:48,554 - train(rank0) - INFO - [20/22]
2025-12-20 01:37:49,313 - train(rank0) - INFO -     epoch          : 4
2025-12-20 01:37:49,314 - train(rank0) - INFO -     loss           : 0.2287545996633443
2025-12-20 01:37:49,314 - train(rank0) - INFO -     loss_mbce      : 0.15405181050300598
2025-12-20 01:37:49,314 - train(rank0) - INFO -     loss_pkd       : 0.007107247828654098
2025-12-20 01:37:49,314 - train(rank0) - INFO -     loss_cont      : 0.06759553849697114
2025-12-20 01:37:49,314 - train(rank0) - INFO -     loss_bce_distill: 0.0
2025-12-20 01:37:49,314 - train(rank0) - INFO -     loss_old_step  : 0.07470278916033832
2025-12-20 01:37:49,314 - train(rank0) - INFO -     consistency_ratio: 1.0
2025-12-20 01:37:49,314 - train(rank0) - INFO -     loss_grad      : 0
2025-12-20 01:37:49,314 - train(rank0) - INFO -     loss_fake_legacy: 0.00911065944555131
2025-12-20 01:37:49,314 - train(rank0) - INFO -     loss_fake_phase: 0.33167833767154
2025-12-20 01:37:49,314 - train(rank0) - INFO -     num_fake_legacy: 127262.0
2025-12-20 01:37:49,314 - train(rank0) - INFO -     num_fake_phase : 105777.68181818182
2025-12-20 01:37:49,320 - train(rank0) - INFO - Epoch - 5
2025-12-20 01:37:54,417 - train(rank0) - INFO - lr[0]: 0.000094 / lr[1]: 0.000939 / lr[2]: 0.000939
2025-12-20 01:37:54,418 - train(rank0) - INFO - [0/22]
2025-12-20 01:37:57,700 - train(rank0) - INFO - [4/22]
2025-12-20 01:38:00,650 - train(rank0) - INFO - [8/22]
2025-12-20 01:38:03,402 - train(rank0) - INFO - [12/22]
2025-12-20 01:38:06,037 - train(rank0) - INFO - [16/22]
2025-12-20 01:38:08,930 - train(rank0) - INFO - [20/22]
2025-12-20 01:38:09,601 - train(rank0) - INFO -     epoch          : 5
2025-12-20 01:38:09,601 - train(rank0) - INFO -     loss           : 0.21936971084638077
2025-12-20 01:38:09,601 - train(rank0) - INFO -     loss_mbce      : 0.14345778287811714
2025-12-20 01:38:09,601 - train(rank0) - INFO -     loss_pkd       : 0.009484205789207905
2025-12-20 01:38:09,601 - train(rank0) - INFO -     loss_cont      : 0.06642771905118768
2025-12-20 01:38:09,601 - train(rank0) - INFO -     loss_bce_distill: 0.0
2025-12-20 01:38:09,601 - train(rank0) - INFO -     loss_old_step  : 0.07591192627494986
2025-12-20 01:38:09,601 - train(rank0) - INFO -     consistency_ratio: 1.0
2025-12-20 01:38:09,601 - train(rank0) - INFO -     loss_grad      : 0
2025-12-20 01:38:09,601 - train(rank0) - INFO -     loss_fake_legacy: 0.008549001914533701
2025-12-20 01:38:09,602 - train(rank0) - INFO -     loss_fake_phase: 0.3068543008782647
2025-12-20 01:38:09,602 - train(rank0) - INFO -     num_fake_legacy: 127262.0
2025-12-20 01:38:09,602 - train(rank0) - INFO -     num_fake_phase : 106079.54545454546
2025-12-20 01:38:09,607 - train(rank0) - INFO - Epoch - 6
2025-12-20 01:38:12,559 - train(rank0) - INFO - lr[0]: 0.000092 / lr[1]: 0.000924 / lr[2]: 0.000924
2025-12-20 01:38:12,560 - train(rank0) - INFO - [0/22]
2025-12-20 01:38:16,483 - train(rank0) - INFO - [4/22]
2025-12-20 01:38:19,241 - train(rank0) - INFO - [8/22]
2025-12-20 01:38:22,062 - train(rank0) - INFO - [12/22]
2025-12-20 01:38:25,017 - train(rank0) - INFO - [16/22]
2025-12-20 01:38:27,752 - train(rank0) - INFO - [20/22]
2025-12-20 01:38:28,532 - train(rank0) - INFO -     epoch          : 6
2025-12-20 01:38:28,533 - train(rank0) - INFO -     loss           : 0.2079269980842417
2025-12-20 01:38:28,533 - train(rank0) - INFO -     loss_mbce      : 0.13177528841929
2025-12-20 01:38:28,533 - train(rank0) - INFO -     loss_pkd       : 0.008782494392521172
2025-12-20 01:38:28,533 - train(rank0) - INFO -     loss_cont      : 0.06736921153285286
2025-12-20 01:38:28,533 - train(rank0) - INFO -     loss_bce_distill: 0.0
2025-12-20 01:38:28,533 - train(rank0) - INFO -     loss_old_step  : 0.07615170763297514
2025-12-20 01:38:28,533 - train(rank0) - INFO -     consistency_ratio: 1.0
2025-12-20 01:38:28,533 - train(rank0) - INFO -     loss_grad      : 0
2025-12-20 01:38:28,534 - train(rank0) - INFO -     loss_fake_legacy: 0.007252052257006819
2025-12-20 01:38:28,534 - train(rank0) - INFO -     loss_fake_phase: 0.2771227034655484
2025-12-20 01:38:28,534 - train(rank0) - INFO -     num_fake_legacy: 127262.0
2025-12-20 01:38:28,534 - train(rank0) - INFO -     num_fake_phase : 106260.27272727272
2025-12-20 01:38:28,540 - train(rank0) - INFO - Epoch - 7
2025-12-20 01:38:32,346 - train(rank0) - INFO - lr[0]: 0.000091 / lr[1]: 0.000909 / lr[2]: 0.000909
2025-12-20 01:38:32,347 - train(rank0) - INFO - [0/22]
2025-12-20 01:38:36,295 - train(rank0) - INFO - [4/22]
2025-12-20 01:38:38,949 - train(rank0) - INFO - [8/22]
2025-12-20 01:38:41,601 - train(rank0) - INFO - [12/22]
2025-12-20 01:38:44,460 - train(rank0) - INFO - [16/22]
2025-12-20 01:38:47,210 - train(rank0) - INFO - [20/22]
2025-12-20 01:38:47,842 - train(rank0) - INFO -     epoch          : 7
2025-12-20 01:38:47,842 - train(rank0) - INFO -     loss           : 0.2053051401268352
2025-12-20 01:38:47,842 - train(rank0) - INFO -     loss_mbce      : 0.12920352816581726
2025-12-20 01:38:47,843 - train(rank0) - INFO -     loss_pkd       : 0.008871678609549153
2025-12-20 01:38:47,843 - train(rank0) - INFO -     loss_cont      : 0.06722992983731356
2025-12-20 01:38:47,843 - train(rank0) - INFO -     loss_bce_distill: 0.0
2025-12-20 01:38:47,843 - train(rank0) - INFO -     loss_old_step  : 0.07610161026770418
2025-12-20 01:38:47,843 - train(rank0) - INFO -     consistency_ratio: 1.0
2025-12-20 01:38:47,843 - train(rank0) - INFO -     loss_grad      : 0
2025-12-20 01:38:47,843 - train(rank0) - INFO -     loss_fake_legacy: 0.007201814304359935
2025-12-20 01:38:47,843 - train(rank0) - INFO -     loss_fake_phase: 0.2571699876676906
2025-12-20 01:38:47,843 - train(rank0) - INFO -     num_fake_legacy: 127262.0
2025-12-20 01:38:47,843 - train(rank0) - INFO -     num_fake_phase : 106643.04545454546
2025-12-20 01:38:47,848 - train(rank0) - INFO - Epoch - 8
2025-12-20 01:38:53,329 - train(rank0) - INFO - lr[0]: 0.000089 / lr[1]: 0.000894 / lr[2]: 0.000894
2025-12-20 01:38:53,329 - train(rank0) - INFO - [0/22]
2025-12-20 01:38:56,491 - train(rank0) - INFO - [4/22]
2025-12-20 01:38:59,235 - train(rank0) - INFO - [8/22]
2025-12-20 01:39:02,073 - train(rank0) - INFO - [12/22]
2025-12-20 01:39:04,947 - train(rank0) - INFO - [16/22]
2025-12-20 01:39:07,600 - train(rank0) - INFO - [20/22]
2025-12-20 01:39:08,267 - train(rank0) - INFO -     epoch          : 8
2025-12-20 01:39:08,267 - train(rank0) - INFO -     loss           : 0.19547204266894946
2025-12-20 01:39:08,267 - train(rank0) - INFO -     loss_mbce      : 0.12167683006687598
2025-12-20 01:39:08,268 - train(rank0) - INFO -     loss_pkd       : 0.008589263108495454
2025-12-20 01:39:08,268 - train(rank0) - INFO -     loss_cont      : 0.0652059471065348
2025-12-20 01:39:08,268 - train(rank0) - INFO -     loss_bce_distill: 0.0
2025-12-20 01:39:08,268 - train(rank0) - INFO -     loss_old_step  : 0.07379521226341074
2025-12-20 01:39:08,268 - train(rank0) - INFO -     consistency_ratio: 1.0
2025-12-20 01:39:08,268 - train(rank0) - INFO -     loss_grad      : 0
2025-12-20 01:39:08,268 - train(rank0) - INFO -     loss_fake_legacy: 0.006264800205826759
2025-12-20 01:39:08,268 - train(rank0) - INFO -     loss_fake_phase: 0.2408885109153661
2025-12-20 01:39:08,268 - train(rank0) - INFO -     num_fake_legacy: 127262.0
2025-12-20 01:39:08,268 - train(rank0) - INFO -     num_fake_phase : 107403.86363636363
2025-12-20 01:39:08,273 - train(rank0) - INFO - Epoch - 9
2025-12-20 01:39:11,445 - train(rank0) - INFO - lr[0]: 0.000088 / lr[1]: 0.000878 / lr[2]: 0.000878
2025-12-20 01:39:11,446 - train(rank0) - INFO - [0/22]
2025-12-20 01:39:15,353 - train(rank0) - INFO - [4/22]
2025-12-20 01:39:18,163 - train(rank0) - INFO - [8/22]
2025-12-20 01:39:20,891 - train(rank0) - INFO - [12/22]
2025-12-20 01:39:23,614 - train(rank0) - INFO - [16/22]
2025-12-20 01:39:26,273 - train(rank0) - INFO - [20/22]
2025-12-20 01:39:26,937 - train(rank0) - INFO -     epoch          : 9
2025-12-20 01:39:26,937 - train(rank0) - INFO -     loss           : 0.1901340592991222
2025-12-20 01:39:26,937 - train(rank0) - INFO -     loss_mbce      : 0.11632063138214024
2025-12-20 01:39:26,937 - train(rank0) - INFO -     loss_pkd       : 0.00898377379847013
2025-12-20 01:39:26,937 - train(rank0) - INFO -     loss_cont      : 0.06482965485616164
2025-12-20 01:39:26,938 - train(rank0) - INFO -     loss_bce_distill: 0.0
2025-12-20 01:39:26,938 - train(rank0) - INFO -     loss_old_step  : 0.07381342893297022
2025-12-20 01:39:26,938 - train(rank0) - INFO -     consistency_ratio: 1.0
2025-12-20 01:39:26,938 - train(rank0) - INFO -     loss_grad      : 0
2025-12-20 01:39:26,938 - train(rank0) - INFO -     loss_fake_legacy: 0.006325570125640793
2025-12-20 01:39:26,938 - train(rank0) - INFO -     loss_fake_phase: 0.2274625768715685
2025-12-20 01:39:26,938 - train(rank0) - INFO -     num_fake_legacy: 127262.0
2025-12-20 01:39:26,938 - train(rank0) - INFO -     num_fake_phase : 106933.5
2025-12-20 01:39:26,943 - train(rank0) - INFO - Epoch - 10
2025-12-20 01:39:32,350 - train(rank0) - INFO - lr[0]: 0.000086 / lr[1]: 0.000863 / lr[2]: 0.000863
2025-12-20 01:39:32,350 - train(rank0) - INFO - [0/22]
2025-12-20 01:39:35,164 - train(rank0) - INFO - [4/22]
2025-12-20 01:39:38,035 - train(rank0) - INFO - [8/22]
2025-12-20 01:39:40,934 - train(rank0) - INFO - [12/22]
2025-12-20 01:39:43,678 - train(rank0) - INFO - [16/22]
2025-12-20 01:39:46,321 - train(rank0) - INFO - [20/22]
2025-12-20 01:39:46,981 - train(rank0) - INFO -     epoch          : 10
2025-12-20 01:39:46,981 - train(rank0) - INFO -     loss           : 0.18240553817965768
2025-12-20 01:39:46,981 - train(rank0) - INFO -     loss_mbce      : 0.10988194867968559
2025-12-20 01:39:46,981 - train(rank0) - INFO -     loss_pkd       : 0.008154054468666965
2025-12-20 01:39:46,981 - train(rank0) - INFO -     loss_cont      : 0.06436953436244618
2025-12-20 01:39:46,981 - train(rank0) - INFO -     loss_bce_distill: 0.0
2025-12-20 01:39:46,981 - train(rank0) - INFO -     loss_old_step  : 0.07252358916130933
2025-12-20 01:39:46,981 - train(rank0) - INFO -     consistency_ratio: 1.0
2025-12-20 01:39:46,981 - train(rank0) - INFO -     loss_grad      : 0
2025-12-20 01:39:46,982 - train(rank0) - INFO -     loss_fake_legacy: 0.005981112999672239
2025-12-20 01:39:46,982 - train(rank0) - INFO -     loss_fake_phase: 0.20545494217764249
2025-12-20 01:39:46,982 - train(rank0) - INFO -     num_fake_legacy: 127262.0
2025-12-20 01:39:46,982 - train(rank0) - INFO -     num_fake_phase : 106780.31818181818
2025-12-20 01:39:46,987 - train(rank0) - INFO - Epoch - 11
2025-12-20 01:39:50,282 - train(rank0) - INFO - lr[0]: 0.000085 / lr[1]: 0.000848 / lr[2]: 0.000848
2025-12-20 01:39:50,285 - train(rank0) - INFO - [0/22]
2025-12-20 01:39:53,729 - train(rank0) - INFO - [4/22]
2025-12-20 01:39:56,336 - train(rank0) - INFO - [8/22]
2025-12-20 01:39:59,203 - train(rank0) - INFO - [12/22]
2025-12-20 01:40:02,072 - train(rank0) - INFO - [16/22]
2025-12-20 01:40:04,731 - train(rank0) - INFO - [20/22]
2025-12-20 01:40:05,485 - train(rank0) - INFO -     epoch          : 11
2025-12-20 01:40:05,486 - train(rank0) - INFO -     loss           : 0.17888755351305008
2025-12-20 01:40:05,486 - train(rank0) - INFO -     loss_mbce      : 0.105394340374253
2025-12-20 01:40:05,486 - train(rank0) - INFO -     loss_pkd       : 0.009086300917922265
2025-12-20 01:40:05,486 - train(rank0) - INFO -     loss_cont      : 0.06440691189332443
2025-12-20 01:40:05,486 - train(rank0) - INFO -     loss_bce_distill: 0.0
2025-12-20 01:40:05,486 - train(rank0) - INFO -     loss_old_step  : 0.07349321381612257
2025-12-20 01:40:05,486 - train(rank0) - INFO -     consistency_ratio: 1.0
2025-12-20 01:40:05,486 - train(rank0) - INFO -     loss_grad      : 0
2025-12-20 01:40:05,486 - train(rank0) - INFO -     loss_fake_legacy: 0.005749736785550009
2025-12-20 01:40:05,486 - train(rank0) - INFO -     loss_fake_phase: 0.19091631946238605
2025-12-20 01:40:05,487 - train(rank0) - INFO -     num_fake_legacy: 127262.0
2025-12-20 01:40:05,487 - train(rank0) - INFO -     num_fake_phase : 106662.0
2025-12-20 01:40:05,491 - train(rank0) - INFO - Epoch - 12
2025-12-20 01:40:08,622 - train(rank0) - INFO - lr[0]: 0.000083 / lr[1]: 0.000833 / lr[2]: 0.000833
2025-12-20 01:40:08,628 - train(rank0) - INFO - [0/22]
2025-12-20 01:40:11,755 - train(rank0) - INFO - [4/22]
2025-12-20 01:40:14,558 - train(rank0) - INFO - [8/22]
2025-12-20 01:40:17,208 - train(rank0) - INFO - [12/22]
2025-12-20 01:40:19,971 - train(rank0) - INFO - [16/22]
2025-12-20 01:40:22,851 - train(rank0) - INFO - [20/22]
2025-12-20 01:40:23,521 - train(rank0) - INFO -     epoch          : 12
2025-12-20 01:40:23,521 - train(rank0) - INFO -     loss           : 0.1702475588430058
2025-12-20 01:40:23,521 - train(rank0) - INFO -     loss_mbce      : 0.0976410789245909
2025-12-20 01:40:23,521 - train(rank0) - INFO -     loss_pkd       : 0.008432378129906614
2025-12-20 01:40:23,521 - train(rank0) - INFO -     loss_cont      : 0.0641740988601338
2025-12-20 01:40:23,521 - train(rank0) - INFO -     loss_bce_distill: 0.0
2025-12-20 01:40:23,521 - train(rank0) - INFO -     loss_old_step  : 0.07260647856376388
2025-12-20 01:40:23,521 - train(rank0) - INFO -     consistency_ratio: 1.0
2025-12-20 01:40:23,521 - train(rank0) - INFO -     loss_grad      : 0
2025-12-20 01:40:23,521 - train(rank0) - INFO -     loss_fake_legacy: 0.005376809149641882
2025-12-20 01:40:23,522 - train(rank0) - INFO -     loss_fake_phase: 0.17841242321512915
2025-12-20 01:40:23,522 - train(rank0) - INFO -     num_fake_legacy: 127262.0
2025-12-20 01:40:23,522 - train(rank0) - INFO -     num_fake_phase : 108016.22727272728
2025-12-20 01:40:23,527 - train(rank0) - INFO - Epoch - 13
2025-12-20 01:40:26,261 - train(rank0) - INFO - lr[0]: 0.000082 / lr[1]: 0.000817 / lr[2]: 0.000817
2025-12-20 01:40:26,262 - train(rank0) - INFO - [0/22]
2025-12-20 01:40:31,059 - train(rank0) - INFO - [4/22]
2025-12-20 01:40:33,716 - train(rank0) - INFO - [8/22]
2025-12-20 01:40:36,373 - train(rank0) - INFO - [12/22]
2025-12-20 01:40:39,085 - train(rank0) - INFO - [16/22]
2025-12-20 01:40:41,743 - train(rank0) - INFO - [20/22]
2025-12-20 01:40:42,397 - train(rank0) - INFO -     epoch          : 13
2025-12-20 01:40:42,398 - train(rank0) - INFO -     loss           : 0.1726721687750383
2025-12-20 01:40:42,398 - train(rank0) - INFO -     loss_mbce      : 0.1008407778360627
2025-12-20 01:40:42,398 - train(rank0) - INFO -     loss_pkd       : 0.0077011596691921695
2025-12-20 01:40:42,398 - train(rank0) - INFO -     loss_cont      : 0.0641302301125093
2025-12-20 01:40:42,398 - train(rank0) - INFO -     loss_bce_distill: 0.0
2025-12-20 01:40:42,398 - train(rank0) - INFO -     loss_old_step  : 0.07183139060031284
2025-12-20 01:40:42,398 - train(rank0) - INFO -     consistency_ratio: 1.0
2025-12-20 01:40:42,398 - train(rank0) - INFO -     loss_grad      : 0
2025-12-20 01:40:42,398 - train(rank0) - INFO -     loss_fake_legacy: 0.005166519221595742
2025-12-20 01:40:42,399 - train(rank0) - INFO -     loss_fake_phase: 0.17311746017499405
2025-12-20 01:40:42,399 - train(rank0) - INFO -     num_fake_legacy: 127262.0
2025-12-20 01:40:42,399 - train(rank0) - INFO -     num_fake_phase : 104383.68181818182
2025-12-20 01:40:42,405 - train(rank0) - INFO - Epoch - 14
2025-12-20 01:40:46,130 - train(rank0) - INFO - lr[0]: 0.000080 / lr[1]: 0.000802 / lr[2]: 0.000802
2025-12-20 01:40:46,130 - train(rank0) - INFO - [0/22]
2025-12-20 01:40:51,397 - train(rank0) - INFO - [4/22]
2025-12-20 01:40:54,138 - train(rank0) - INFO - [8/22]
2025-12-20 01:40:56,734 - train(rank0) - INFO - [12/22]
2025-12-20 01:40:59,456 - train(rank0) - INFO - [16/22]
2025-12-20 01:41:02,059 - train(rank0) - INFO - [20/22]
2025-12-20 01:41:02,721 - train(rank0) - INFO -     epoch          : 14
2025-12-20 01:41:02,722 - train(rank0) - INFO -     loss           : 0.16620048067786478
2025-12-20 01:41:02,722 - train(rank0) - INFO -     loss_mbce      : 0.09458493305878206
2025-12-20 01:41:02,722 - train(rank0) - INFO -     loss_pkd       : 0.008070416647983207
2025-12-20 01:41:02,722 - train(rank0) - INFO -     loss_cont      : 0.06354513032869859
2025-12-20 01:41:02,722 - train(rank0) - INFO -     loss_bce_distill: 0.0
2025-12-20 01:41:02,722 - train(rank0) - INFO -     loss_old_step  : 0.07161554761908272
2025-12-20 01:41:02,722 - train(rank0) - INFO -     consistency_ratio: 1.0
2025-12-20 01:41:02,722 - train(rank0) - INFO -     loss_grad      : 0
2025-12-20 01:41:02,722 - train(rank0) - INFO -     loss_fake_legacy: 0.004928922238336368
2025-12-20 01:41:02,722 - train(rank0) - INFO -     loss_fake_phase: 0.16749950837005267
2025-12-20 01:41:02,722 - train(rank0) - INFO -     num_fake_legacy: 127262.0
2025-12-20 01:41:02,722 - train(rank0) - INFO -     num_fake_phase : 107243.22727272728
2025-12-20 01:41:02,727 - train(rank0) - INFO - Epoch - 15
2025-12-20 01:41:05,690 - train(rank0) - INFO - lr[0]: 0.000079 / lr[1]: 0.000787 / lr[2]: 0.000787
2025-12-20 01:41:05,690 - train(rank0) - INFO - [0/22]
2025-12-20 01:41:10,034 - train(rank0) - INFO - [4/22]
2025-12-20 01:41:12,909 - train(rank0) - INFO - [8/22]
2025-12-20 01:41:15,641 - train(rank0) - INFO - [12/22]
2025-12-20 01:41:18,275 - train(rank0) - INFO - [16/22]
2025-12-20 01:41:20,906 - train(rank0) - INFO - [20/22]
2025-12-20 01:41:21,668 - train(rank0) - INFO -     epoch          : 15
2025-12-20 01:41:21,668 - train(rank0) - INFO -     loss           : 0.1676396890120073
2025-12-20 01:41:21,668 - train(rank0) - INFO -     loss_mbce      : 0.09464402361349626
2025-12-20 01:41:21,668 - train(rank0) - INFO -     loss_pkd       : 0.009177133046746761
2025-12-20 01:41:21,668 - train(rank0) - INFO -     loss_cont      : 0.06381853006102824
2025-12-20 01:41:21,668 - train(rank0) - INFO -     loss_bce_distill: 0.0
2025-12-20 01:41:21,668 - train(rank0) - INFO -     loss_old_step  : 0.07299566539851102
2025-12-20 01:41:21,669 - train(rank0) - INFO -     consistency_ratio: 1.0
2025-12-20 01:41:21,669 - train(rank0) - INFO -     loss_grad      : 0
2025-12-20 01:41:21,669 - train(rank0) - INFO -     loss_fake_legacy: 0.0048723465932363815
2025-12-20 01:41:21,669 - train(rank0) - INFO -     loss_fake_phase: 0.15609476986256512
2025-12-20 01:41:21,669 - train(rank0) - INFO -     num_fake_legacy: 127262.0
2025-12-20 01:41:21,669 - train(rank0) - INFO -     num_fake_phase : 107814.90909090909
2025-12-20 01:41:21,674 - train(rank0) - INFO - Epoch - 16
2025-12-20 01:41:24,979 - train(rank0) - INFO - lr[0]: 0.000077 / lr[1]: 0.000771 / lr[2]: 0.000771
2025-12-20 01:41:24,979 - train(rank0) - INFO - [0/22]
2025-12-20 01:41:28,399 - train(rank0) - INFO - [4/22]
2025-12-20 01:41:31,096 - train(rank0) - INFO - [8/22]
2025-12-20 01:41:33,804 - train(rank0) - INFO - [12/22]
2025-12-20 01:41:36,638 - train(rank0) - INFO - [16/22]
2025-12-20 01:41:39,254 - train(rank0) - INFO - [20/22]
2025-12-20 01:41:39,888 - train(rank0) - INFO -     epoch          : 16
2025-12-20 01:41:39,888 - train(rank0) - INFO -     loss           : 0.15989719263531946
2025-12-20 01:41:39,888 - train(rank0) - INFO -     loss_mbce      : 0.08898927948691628
2025-12-20 01:41:39,888 - train(rank0) - INFO -     loss_pkd       : 0.008299765256445178
2025-12-20 01:41:39,888 - train(rank0) - INFO -     loss_cont      : 0.06260814639655027
2025-12-20 01:41:39,888 - train(rank0) - INFO -     loss_bce_distill: 0.0
2025-12-20 01:41:39,888 - train(rank0) - INFO -     loss_old_step  : 0.07090791348706592
2025-12-20 01:41:39,889 - train(rank0) - INFO -     consistency_ratio: 1.0
2025-12-20 01:41:39,889 - train(rank0) - INFO -     loss_grad      : 0
2025-12-20 01:41:39,889 - train(rank0) - INFO -     loss_fake_legacy: 0.004723784810101444
2025-12-20 01:41:39,889 - train(rank0) - INFO -     loss_fake_phase: 0.14957380227067255
2025-12-20 01:41:39,889 - train(rank0) - INFO -     num_fake_legacy: 127262.0
2025-12-20 01:41:39,889 - train(rank0) - INFO -     num_fake_phase : 106419.95454545454
2025-12-20 01:41:39,894 - train(rank0) - INFO - Epoch - 17
2025-12-20 01:41:42,738 - train(rank0) - INFO - lr[0]: 0.000076 / lr[1]: 0.000756 / lr[2]: 0.000756
2025-12-20 01:41:42,738 - train(rank0) - INFO - [0/22]
2025-12-20 01:41:46,620 - train(rank0) - INFO - [4/22]
2025-12-20 01:41:49,352 - train(rank0) - INFO - [8/22]
2025-12-20 01:41:52,006 - train(rank0) - INFO - [12/22]
2025-12-20 01:41:54,724 - train(rank0) - INFO - [16/22]
2025-12-20 01:41:57,485 - train(rank0) - INFO - [20/22]
2025-12-20 01:41:58,158 - train(rank0) - INFO -     epoch          : 17
2025-12-20 01:41:58,159 - train(rank0) - INFO -     loss           : 0.16120643642815677
2025-12-20 01:41:58,159 - train(rank0) - INFO -     loss_mbce      : 0.0897960862652822
2025-12-20 01:41:58,159 - train(rank0) - INFO -     loss_pkd       : 0.008509103737940843
2025-12-20 01:41:58,159 - train(rank0) - INFO -     loss_cont      : 0.06290124492211774
2025-12-20 01:41:58,159 - train(rank0) - INFO -     loss_bce_distill: 0.0
2025-12-20 01:41:58,159 - train(rank0) - INFO -     loss_old_step  : 0.07141034880822356
2025-12-20 01:41:58,159 - train(rank0) - INFO -     consistency_ratio: 1.0
2025-12-20 01:41:58,159 - train(rank0) - INFO -     loss_grad      : 0
2025-12-20 01:41:58,159 - train(rank0) - INFO -     loss_fake_legacy: 0.004692113513804295
2025-12-20 01:41:58,159 - train(rank0) - INFO -     loss_fake_phase: 0.14482885937799106
2025-12-20 01:41:58,159 - train(rank0) - INFO -     num_fake_legacy: 127262.0
2025-12-20 01:41:58,159 - train(rank0) - INFO -     num_fake_phase : 106360.31818181818
2025-12-20 01:41:58,164 - train(rank0) - INFO - Epoch - 18
2025-12-20 01:42:01,286 - train(rank0) - INFO - lr[0]: 0.000074 / lr[1]: 0.000740 / lr[2]: 0.000740
2025-12-20 01:42:01,287 - train(rank0) - INFO - [0/22]
2025-12-20 01:42:04,275 - train(rank0) - INFO - [4/22]
2025-12-20 01:42:06,970 - train(rank0) - INFO - [8/22]
2025-12-20 01:42:09,580 - train(rank0) - INFO - [12/22]
2025-12-20 01:42:12,236 - train(rank0) - INFO - [16/22]
2025-12-20 01:42:15,101 - train(rank0) - INFO - [20/22]
2025-12-20 01:42:15,780 - train(rank0) - INFO -     epoch          : 18
2025-12-20 01:42:15,780 - train(rank0) - INFO -     loss           : 0.16152721643447876
2025-12-20 01:42:15,781 - train(rank0) - INFO -     loss_mbce      : 0.08958767219023271
2025-12-20 01:42:15,781 - train(rank0) - INFO -     loss_pkd       : 0.008143686533334072
2025-12-20 01:42:15,781 - train(rank0) - INFO -     loss_cont      : 0.06379585699601606
2025-12-20 01:42:15,781 - train(rank0) - INFO -     loss_bce_distill: 0.0
2025-12-20 01:42:15,781 - train(rank0) - INFO -     loss_old_step  : 0.0719395445829088
2025-12-20 01:42:15,781 - train(rank0) - INFO -     consistency_ratio: 1.0
2025-12-20 01:42:15,781 - train(rank0) - INFO -     loss_grad      : 0
2025-12-20 01:42:15,781 - train(rank0) - INFO -     loss_fake_legacy: 0.004615442361682653
2025-12-20 01:42:15,781 - train(rank0) - INFO -     loss_fake_phase: 0.13980325853282755
2025-12-20 01:42:15,781 - train(rank0) - INFO -     num_fake_legacy: 127262.0
2025-12-20 01:42:15,781 - train(rank0) - INFO -     num_fake_phase : 106922.72727272728
2025-12-20 01:42:15,788 - train(rank0) - INFO - Epoch - 19
2025-12-20 01:42:21,829 - train(rank0) - INFO - lr[0]: 0.000072 / lr[1]: 0.000725 / lr[2]: 0.000725
2025-12-20 01:42:21,830 - train(rank0) - INFO - [0/22]
2025-12-20 01:42:24,972 - train(rank0) - INFO - [4/22]
2025-12-20 01:42:27,661 - train(rank0) - INFO - [8/22]
2025-12-20 01:42:30,386 - train(rank0) - INFO - [12/22]
2025-12-20 01:42:33,188 - train(rank0) - INFO - [16/22]
2025-12-20 01:42:35,905 - train(rank0) - INFO - [20/22]
2025-12-20 01:42:36,536 - train(rank0) - INFO -     epoch          : 19
2025-12-20 01:42:36,536 - train(rank0) - INFO -     loss           : 0.1543630456382578
2025-12-20 01:42:36,536 - train(rank0) - INFO -     loss_mbce      : 0.08344648812304843
2025-12-20 01:42:36,536 - train(rank0) - INFO -     loss_pkd       : 0.008086090912746096
2025-12-20 01:42:36,536 - train(rank0) - INFO -     loss_cont      : 0.0628304649483074
2025-12-20 01:42:36,536 - train(rank0) - INFO -     loss_bce_distill: 0.0
2025-12-20 01:42:36,536 - train(rank0) - INFO -     loss_old_step  : 0.07091655717654662
2025-12-20 01:42:36,536 - train(rank0) - INFO -     consistency_ratio: 1.0
2025-12-20 01:42:36,536 - train(rank0) - INFO -     loss_grad      : 0
2025-12-20 01:42:36,537 - train(rank0) - INFO -     loss_fake_legacy: 0.004628769968721
2025-12-20 01:42:36,537 - train(rank0) - INFO -     loss_fake_phase: 0.13301897692409428
2025-12-20 01:42:36,537 - train(rank0) - INFO -     num_fake_legacy: 127262.0
2025-12-20 01:42:36,537 - train(rank0) - INFO -     num_fake_phase : 106145.5
2025-12-20 01:42:36,542 - train(rank0) - INFO - Epoch - 20
2025-12-20 01:42:41,761 - train(rank0) - INFO - lr[0]: 0.000071 / lr[1]: 0.000709 / lr[2]: 0.000709
2025-12-20 01:42:41,762 - train(rank0) - INFO - [0/22]
2025-12-20 01:42:44,622 - train(rank0) - INFO - [4/22]
2025-12-20 01:42:47,251 - train(rank0) - INFO - [8/22]
2025-12-20 01:42:49,905 - train(rank0) - INFO - [12/22]
2025-12-20 01:42:52,667 - train(rank0) - INFO - [16/22]
2025-12-20 01:42:55,478 - train(rank0) - INFO - [20/22]
2025-12-20 01:42:56,228 - train(rank0) - INFO -     epoch          : 20
2025-12-20 01:42:56,229 - train(rank0) - INFO -     loss           : 0.15357383408329703
2025-12-20 01:42:56,229 - train(rank0) - INFO -     loss_mbce      : 0.08278006755492905
2025-12-20 01:42:56,229 - train(rank0) - INFO -     loss_pkd       : 0.00783668444703587
2025-12-20 01:42:56,229 - train(rank0) - INFO -     loss_cont      : 0.0629570801149715
2025-12-20 01:42:56,229 - train(rank0) - INFO -     loss_bce_distill: 0.0
2025-12-20 01:42:56,229 - train(rank0) - INFO -     loss_old_step  : 0.07079376585104248
2025-12-20 01:42:56,229 - train(rank0) - INFO -     consistency_ratio: 1.0
2025-12-20 01:42:56,229 - train(rank0) - INFO -     loss_grad      : 0
2025-12-20 01:42:56,229 - train(rank0) - INFO -     loss_fake_legacy: 0.004308336689560251
2025-12-20 01:42:56,230 - train(rank0) - INFO -     loss_fake_phase: 0.12901856140656906
2025-12-20 01:42:56,230 - train(rank0) - INFO -     num_fake_legacy: 127262.0
2025-12-20 01:42:56,230 - train(rank0) - INFO -     num_fake_phase : 106122.90909090909
2025-12-20 01:42:56,235 - train(rank0) - INFO - Epoch - 21
2025-12-20 01:43:01,077 - train(rank0) - INFO - lr[0]: 0.000069 / lr[1]: 0.000694 / lr[2]: 0.000694
2025-12-20 01:43:01,077 - train(rank0) - INFO - [0/22]
2025-12-20 01:43:03,880 - train(rank0) - INFO - [4/22]
2025-12-20 01:43:06,547 - train(rank0) - INFO - [8/22]
2025-12-20 01:43:09,339 - train(rank0) - INFO - [12/22]
2025-12-20 01:43:12,064 - train(rank0) - INFO - [16/22]
2025-12-20 01:43:14,821 - train(rank0) - INFO - [20/22]
2025-12-20 01:43:15,483 - train(rank0) - INFO -     epoch          : 21
2025-12-20 01:43:15,483 - train(rank0) - INFO -     loss           : 0.1530787545171651
2025-12-20 01:43:15,483 - train(rank0) - INFO -     loss_mbce      : 0.08242484588514674
2025-12-20 01:43:15,484 - train(rank0) - INFO -     loss_pkd       : 0.00734280108273114
2025-12-20 01:43:15,484 - train(rank0) - INFO -     loss_cont      : 0.0633111070502888
2025-12-20 01:43:15,484 - train(rank0) - INFO -     loss_bce_distill: 0.0
2025-12-20 01:43:15,484 - train(rank0) - INFO -     loss_old_step  : 0.07065390829335559
2025-12-20 01:43:15,484 - train(rank0) - INFO -     consistency_ratio: 1.0
2025-12-20 01:43:15,484 - train(rank0) - INFO -     loss_grad      : 0
2025-12-20 01:43:15,484 - train(rank0) - INFO -     loss_fake_legacy: 0.004314496922730045
2025-12-20 01:43:15,484 - train(rank0) - INFO -     loss_fake_phase: 0.12281229042194107
2025-12-20 01:43:15,484 - train(rank0) - INFO -     num_fake_legacy: 127262.0
2025-12-20 01:43:15,484 - train(rank0) - INFO -     num_fake_phase : 104909.68181818182
2025-12-20 01:43:15,489 - train(rank0) - INFO - Epoch - 22
2025-12-20 01:43:18,491 - train(rank0) - INFO - lr[0]: 0.000068 / lr[1]: 0.000678 / lr[2]: 0.000678
2025-12-20 01:43:18,496 - train(rank0) - INFO - [0/22]
2025-12-20 01:43:21,704 - train(rank0) - INFO - [4/22]
2025-12-20 01:43:24,399 - train(rank0) - INFO - [8/22]
2025-12-20 01:43:27,143 - train(rank0) - INFO - [12/22]
2025-12-20 01:43:29,779 - train(rank0) - INFO - [16/22]
2025-12-20 01:43:32,361 - train(rank0) - INFO - [20/22]
2025-12-20 01:43:33,016 - train(rank0) - INFO -     epoch          : 22
2025-12-20 01:43:33,017 - train(rank0) - INFO -     loss           : 0.15042327818545428
2025-12-20 01:43:33,017 - train(rank0) - INFO -     loss_mbce      : 0.07957615974274548
2025-12-20 01:43:33,017 - train(rank0) - INFO -     loss_pkd       : 0.008204643289156427
2025-12-20 01:43:33,017 - train(rank0) - INFO -     loss_cont      : 0.06264247514984825
2025-12-20 01:43:33,017 - train(rank0) - INFO -     loss_bce_distill: 0.0
2025-12-20 01:43:33,017 - train(rank0) - INFO -     loss_old_step  : 0.07084711979735982
2025-12-20 01:43:33,017 - train(rank0) - INFO -     consistency_ratio: 1.0
2025-12-20 01:43:33,017 - train(rank0) - INFO -     loss_grad      : 0
2025-12-20 01:43:33,017 - train(rank0) - INFO -     loss_fake_legacy: 0.004385620143941857
2025-12-20 01:43:33,017 - train(rank0) - INFO -     loss_fake_phase: 0.12302537431771104
2025-12-20 01:43:33,017 - train(rank0) - INFO -     num_fake_legacy: 127262.0
2025-12-20 01:43:33,017 - train(rank0) - INFO -     num_fake_phase : 106545.54545454546
2025-12-20 01:43:33,022 - train(rank0) - INFO - Epoch - 23
2025-12-20 01:43:36,470 - train(rank0) - INFO - lr[0]: 0.000066 / lr[1]: 0.000662 / lr[2]: 0.000662
2025-12-20 01:43:36,470 - train(rank0) - INFO - [0/22]
2025-12-20 01:43:40,557 - train(rank0) - INFO - [4/22]
2025-12-20 01:43:43,238 - train(rank0) - INFO - [8/22]
2025-12-20 01:43:45,990 - train(rank0) - INFO - [12/22]
2025-12-20 01:43:48,652 - train(rank0) - INFO - [16/22]
2025-12-20 01:43:51,423 - train(rank0) - INFO - [20/22]
2025-12-20 01:43:52,191 - train(rank0) - INFO -     epoch          : 23
2025-12-20 01:43:52,191 - train(rank0) - INFO -     loss           : 0.1528881944038651
2025-12-20 01:43:52,191 - train(rank0) - INFO -     loss_mbce      : 0.08143669045106931
2025-12-20 01:43:52,191 - train(rank0) - INFO -     loss_pkd       : 0.008406476170586591
2025-12-20 01:43:52,191 - train(rank0) - INFO -     loss_cont      : 0.06304502541368659
2025-12-20 01:43:52,192 - train(rank0) - INFO -     loss_bce_distill: 0.0
2025-12-20 01:43:52,192 - train(rank0) - INFO -     loss_old_step  : 0.07145150276747617
2025-12-20 01:43:52,192 - train(rank0) - INFO -     consistency_ratio: 1.0
2025-12-20 01:43:52,192 - train(rank0) - INFO -     loss_grad      : 0
2025-12-20 01:43:52,192 - train(rank0) - INFO -     loss_fake_legacy: 0.004226530224762179
2025-12-20 01:43:52,192 - train(rank0) - INFO -     loss_fake_phase: 0.1174460155042735
2025-12-20 01:43:52,192 - train(rank0) - INFO -     num_fake_legacy: 127262.0
2025-12-20 01:43:52,192 - train(rank0) - INFO -     num_fake_phase : 103670.86363636363
2025-12-20 01:43:52,197 - train(rank0) - INFO - Epoch - 24
2025-12-20 01:43:55,222 - train(rank0) - INFO - lr[0]: 0.000065 / lr[1]: 0.000646 / lr[2]: 0.000646
2025-12-20 01:43:55,222 - train(rank0) - INFO - [0/22]
2025-12-20 01:43:58,927 - train(rank0) - INFO - [4/22]
2025-12-20 01:44:01,678 - train(rank0) - INFO - [8/22]
2025-12-20 01:44:04,418 - train(rank0) - INFO - [12/22]
2025-12-20 01:44:07,062 - train(rank0) - INFO - [16/22]
2025-12-20 01:44:09,805 - train(rank0) - INFO - [20/22]
2025-12-20 01:44:10,478 - train(rank0) - INFO -     epoch          : 24
2025-12-20 01:44:10,478 - train(rank0) - INFO -     loss           : 0.14863105389204892
2025-12-20 01:44:10,478 - train(rank0) - INFO -     loss_mbce      : 0.07864081046798012
2025-12-20 01:44:10,479 - train(rank0) - INFO -     loss_pkd       : 0.007199700551361523
2025-12-20 01:44:10,479 - train(rank0) - INFO -     loss_cont      : 0.06279054419560867
2025-12-20 01:44:10,479 - train(rank0) - INFO -     loss_bce_distill: 0.0
2025-12-20 01:44:10,479 - train(rank0) - INFO -     loss_old_step  : 0.06999024579470808
2025-12-20 01:44:10,479 - train(rank0) - INFO -     consistency_ratio: 1.0
2025-12-20 01:44:10,479 - train(rank0) - INFO -     loss_grad      : 0
2025-12-20 01:44:10,479 - train(rank0) - INFO -     loss_fake_legacy: 0.004399769664318724
2025-12-20 01:44:10,479 - train(rank0) - INFO -     loss_fake_phase: 0.11101666363802823
2025-12-20 01:44:10,479 - train(rank0) - INFO -     num_fake_legacy: 127262.0
2025-12-20 01:44:10,479 - train(rank0) - INFO -     num_fake_phase : 107086.04545454546
2025-12-20 01:44:10,486 - train(rank0) - INFO - Epoch - 25
2025-12-20 01:44:17,225 - train(rank0) - INFO - lr[0]: 0.000063 / lr[1]: 0.000631 / lr[2]: 0.000631
2025-12-20 01:44:17,226 - train(rank0) - INFO - [0/22]
2025-12-20 01:44:20,509 - train(rank0) - INFO - [4/22]
2025-12-20 01:44:23,255 - train(rank0) - INFO - [8/22]
2025-12-20 01:44:25,904 - train(rank0) - INFO - [12/22]
2025-12-20 01:44:28,483 - train(rank0) - INFO - [16/22]
2025-12-20 01:44:31,124 - train(rank0) - INFO - [20/22]
2025-12-20 01:44:31,795 - train(rank0) - INFO -     epoch          : 25
2025-12-20 01:44:31,796 - train(rank0) - INFO -     loss           : 0.14918244393034416
2025-12-20 01:44:31,796 - train(rank0) - INFO -     loss_mbce      : 0.07854317281056535
2025-12-20 01:44:31,796 - train(rank0) - INFO -     loss_pkd       : 0.008048090411731127
2025-12-20 01:44:31,796 - train(rank0) - INFO -     loss_cont      : 0.06259117912162433
2025-12-20 01:44:31,796 - train(rank0) - INFO -     loss_bce_distill: 0.0
2025-12-20 01:44:31,796 - train(rank0) - INFO -     loss_old_step  : 0.07063927128911018
2025-12-20 01:44:31,796 - train(rank0) - INFO -     consistency_ratio: 1.0
2025-12-20 01:44:31,796 - train(rank0) - INFO -     loss_grad      : 0
2025-12-20 01:44:31,796 - train(rank0) - INFO -     loss_fake_legacy: 0.004411939827894623
2025-12-20 01:44:31,796 - train(rank0) - INFO -     loss_fake_phase: 0.10931634124029767
2025-12-20 01:44:31,796 - train(rank0) - INFO -     num_fake_legacy: 127262.0
2025-12-20 01:44:31,797 - train(rank0) - INFO -     num_fake_phase : 106651.45454545454
2025-12-20 01:44:31,802 - train(rank0) - INFO - Epoch - 26
2025-12-20 01:44:34,773 - train(rank0) - INFO - lr[0]: 0.000061 / lr[1]: 0.000615 / lr[2]: 0.000615
2025-12-20 01:44:34,773 - train(rank0) - INFO - [0/22]
2025-12-20 01:44:39,196 - train(rank0) - INFO - [4/22]
2025-12-20 01:44:41,924 - train(rank0) - INFO - [8/22]
2025-12-20 01:44:44,596 - train(rank0) - INFO - [12/22]
2025-12-20 01:44:47,264 - train(rank0) - INFO - [16/22]
2025-12-20 01:44:49,918 - train(rank0) - INFO - [20/22]
2025-12-20 01:44:50,577 - train(rank0) - INFO -     epoch          : 26
2025-12-20 01:44:50,578 - train(rank0) - INFO -     loss           : 0.14871937713839792
2025-12-20 01:44:50,578 - train(rank0) - INFO -     loss_mbce      : 0.0786647175184705
2025-12-20 01:44:50,578 - train(rank0) - INFO -     loss_pkd       : 0.007939133541764353
2025-12-20 01:44:50,578 - train(rank0) - INFO -     loss_cont      : 0.0621155240318992
2025-12-20 01:44:50,578 - train(rank0) - INFO -     loss_bce_distill: 0.0
2025-12-20 01:44:50,578 - train(rank0) - INFO -     loss_old_step  : 0.07005465978925879
2025-12-20 01:44:50,578 - train(rank0) - INFO -     consistency_ratio: 1.0
2025-12-20 01:44:50,578 - train(rank0) - INFO -     loss_grad      : 0
2025-12-20 01:44:50,578 - train(rank0) - INFO -     loss_fake_legacy: 0.004218017026274042
2025-12-20 01:44:50,578 - train(rank0) - INFO -     loss_fake_phase: 0.1094429235566746
2025-12-20 01:44:50,578 - train(rank0) - INFO -     num_fake_legacy: 127262.0
2025-12-20 01:44:50,578 - train(rank0) - INFO -     num_fake_phase : 106292.63636363637
2025-12-20 01:44:50,583 - train(rank0) - INFO - Epoch - 27
2025-12-20 01:44:56,568 - train(rank0) - INFO - lr[0]: 0.000060 / lr[1]: 0.000599 / lr[2]: 0.000599
2025-12-20 01:44:56,568 - train(rank0) - INFO - [0/22]
2025-12-20 01:44:59,239 - train(rank0) - INFO - [4/22]
2025-12-20 01:45:01,980 - train(rank0) - INFO - [8/22]
2025-12-20 01:45:04,625 - train(rank0) - INFO - [12/22]
2025-12-20 01:45:07,304 - train(rank0) - INFO - [16/22]
2025-12-20 01:45:09,882 - train(rank0) - INFO - [20/22]
2025-12-20 01:45:10,661 - train(rank0) - INFO -     epoch          : 27
2025-12-20 01:45:10,661 - train(rank0) - INFO -     loss           : 0.1462452526796948
2025-12-20 01:45:10,661 - train(rank0) - INFO -     loss_mbce      : 0.07641670598902485
2025-12-20 01:45:10,661 - train(rank0) - INFO -     loss_pkd       : 0.007648783291436054
2025-12-20 01:45:10,661 - train(rank0) - INFO -     loss_cont      : 0.06217976266687566
2025-12-20 01:45:10,661 - train(rank0) - INFO -     loss_bce_distill: 0.0
2025-12-20 01:45:10,661 - train(rank0) - INFO -     loss_old_step  : 0.06982854753732681
2025-12-20 01:45:10,662 - train(rank0) - INFO -     consistency_ratio: 1.0
2025-12-20 01:45:10,662 - train(rank0) - INFO -     loss_grad      : 0
2025-12-20 01:45:10,662 - train(rank0) - INFO -     loss_fake_legacy: 0.004124711648645726
2025-12-20 01:45:10,662 - train(rank0) - INFO -     loss_fake_phase: 0.10191817310723392
2025-12-20 01:45:10,662 - train(rank0) - INFO -     num_fake_legacy: 127262.0
2025-12-20 01:45:10,662 - train(rank0) - INFO -     num_fake_phase : 108301.09090909091
2025-12-20 01:45:10,667 - train(rank0) - INFO - Epoch - 28
2025-12-20 01:45:15,779 - train(rank0) - INFO - lr[0]: 0.000058 / lr[1]: 0.000583 / lr[2]: 0.000583
2025-12-20 01:45:15,780 - train(rank0) - INFO - [0/22]
2025-12-20 01:45:18,640 - train(rank0) - INFO - [4/22]
2025-12-20 01:45:21,353 - train(rank0) - INFO - [8/22]
2025-12-20 01:45:23,976 - train(rank0) - INFO - [12/22]
2025-12-20 01:45:26,912 - train(rank0) - INFO - [16/22]
2025-12-20 01:45:29,737 - train(rank0) - INFO - [20/22]
2025-12-20 01:45:30,398 - train(rank0) - INFO -     epoch          : 28
2025-12-20 01:45:30,399 - train(rank0) - INFO -     loss           : 0.1454235091805458
2025-12-20 01:45:30,399 - train(rank0) - INFO -     loss_mbce      : 0.07555595954710786
2025-12-20 01:45:30,399 - train(rank0) - INFO -     loss_pkd       : 0.007863606244262139
2025-12-20 01:45:30,399 - train(rank0) - INFO -     loss_cont      : 0.06200394169850784
2025-12-20 01:45:30,399 - train(rank0) - INFO -     loss_bce_distill: 0.0
2025-12-20 01:45:30,399 - train(rank0) - INFO -     loss_old_step  : 0.06986754963343794
2025-12-20 01:45:30,399 - train(rank0) - INFO -     consistency_ratio: 1.0
2025-12-20 01:45:30,399 - train(rank0) - INFO -     loss_grad      : 0
2025-12-20 01:45:30,399 - train(rank0) - INFO -     loss_fake_legacy: 0.004068658570758998
2025-12-20 01:45:30,399 - train(rank0) - INFO -     loss_fake_phase: 0.10283127596432512
2025-12-20 01:45:30,399 - train(rank0) - INFO -     num_fake_legacy: 127262.0
2025-12-20 01:45:30,399 - train(rank0) - INFO -     num_fake_phase : 107638.68181818182
2025-12-20 01:45:30,404 - train(rank0) - INFO - Epoch - 29
2025-12-20 01:45:33,873 - train(rank0) - INFO - lr[0]: 0.000057 / lr[1]: 0.000567 / lr[2]: 0.000567
2025-12-20 01:45:33,875 - train(rank0) - INFO - [0/22]
2025-12-20 01:45:37,446 - train(rank0) - INFO - [4/22]
2025-12-20 01:45:40,050 - train(rank0) - INFO - [8/22]
2025-12-20 01:45:42,601 - train(rank0) - INFO - [12/22]
2025-12-20 01:45:45,239 - train(rank0) - INFO - [16/22]
2025-12-20 01:45:47,977 - train(rank0) - INFO - [20/22]
2025-12-20 01:45:48,613 - train(rank0) - INFO -     epoch          : 29
2025-12-20 01:45:48,614 - train(rank0) - INFO -     loss           : 0.1460294940254905
2025-12-20 01:45:48,614 - train(rank0) - INFO -     loss_mbce      : 0.0760889317501675
2025-12-20 01:45:48,614 - train(rank0) - INFO -     loss_pkd       : 0.007613402121933177
2025-12-20 01:45:48,614 - train(rank0) - INFO -     loss_cont      : 0.06232715899294073
2025-12-20 01:45:48,614 - train(rank0) - INFO -     loss_bce_distill: 0.0
2025-12-20 01:45:48,614 - train(rank0) - INFO -     loss_old_step  : 0.06994056295264851
2025-12-20 01:45:48,614 - train(rank0) - INFO -     consistency_ratio: 1.0
2025-12-20 01:45:48,614 - train(rank0) - INFO -     loss_grad      : 0
2025-12-20 01:45:48,614 - train(rank0) - INFO -     loss_fake_legacy: 0.004194130486046726
2025-12-20 01:45:48,614 - train(rank0) - INFO -     loss_fake_phase: 0.10091549733822996
2025-12-20 01:45:48,614 - train(rank0) - INFO -     num_fake_legacy: 127262.0
2025-12-20 01:45:48,614 - train(rank0) - INFO -     num_fake_phase : 106309.90909090909
2025-12-20 01:45:48,621 - train(rank0) - INFO - Epoch - 30
2025-12-20 01:45:54,755 - train(rank0) - INFO - lr[0]: 0.000055 / lr[1]: 0.000551 / lr[2]: 0.000551
2025-12-20 01:45:54,756 - train(rank0) - INFO - [0/22]
2025-12-20 01:45:57,497 - train(rank0) - INFO - [4/22]
2025-12-20 01:46:00,224 - train(rank0) - INFO - [8/22]
2025-12-20 01:46:02,966 - train(rank0) - INFO - [12/22]
2025-12-20 01:46:05,568 - train(rank0) - INFO - [16/22]
2025-12-20 01:46:08,229 - train(rank0) - INFO - [20/22]
2025-12-20 01:46:08,889 - train(rank0) - INFO -     epoch          : 30
2025-12-20 01:46:08,889 - train(rank0) - INFO -     loss           : 0.14407408779317682
2025-12-20 01:46:08,889 - train(rank0) - INFO -     loss_mbce      : 0.07338934781199152
2025-12-20 01:46:08,889 - train(rank0) - INFO -     loss_pkd       : 0.009060958612032911
2025-12-20 01:46:08,889 - train(rank0) - INFO -     loss_cont      : 0.06162377975203774
2025-12-20 01:46:08,889 - train(rank0) - INFO -     loss_bce_distill: 0.0
2025-12-20 01:46:08,889 - train(rank0) - INFO -     loss_old_step  : 0.07068474015051668
2025-12-20 01:46:08,889 - train(rank0) - INFO -     consistency_ratio: 1.0
2025-12-20 01:46:08,889 - train(rank0) - INFO -     loss_grad      : 0
2025-12-20 01:46:08,889 - train(rank0) - INFO -     loss_fake_legacy: 0.004104849882423878
2025-12-20 01:46:08,889 - train(rank0) - INFO -     loss_fake_phase: 0.0976558964360844
2025-12-20 01:46:08,889 - train(rank0) - INFO -     num_fake_legacy: 127262.0
2025-12-20 01:46:08,889 - train(rank0) - INFO -     num_fake_phase : 107499.27272727272
2025-12-20 01:46:08,894 - train(rank0) - INFO - Epoch - 31
2025-12-20 01:46:11,863 - train(rank0) - INFO - lr[0]: 0.000054 / lr[1]: 0.000535 / lr[2]: 0.000535
2025-12-20 01:46:11,863 - train(rank0) - INFO - [0/22]
2025-12-20 01:46:16,042 - train(rank0) - INFO - [4/22]
2025-12-20 01:46:18,703 - train(rank0) - INFO - [8/22]
2025-12-20 01:46:21,571 - train(rank0) - INFO - [12/22]
2025-12-20 01:46:24,315 - train(rank0) - INFO - [16/22]
2025-12-20 01:46:27,025 - train(rank0) - INFO - [20/22]
2025-12-20 01:46:27,689 - train(rank0) - INFO -     epoch          : 31
2025-12-20 01:46:27,690 - train(rank0) - INFO -     loss           : 0.14406879178502344
2025-12-20 01:46:27,690 - train(rank0) - INFO -     loss_mbce      : 0.0739489041946151
2025-12-20 01:46:27,690 - train(rank0) - INFO -     loss_pkd       : 0.008354900981595909
2025-12-20 01:46:27,690 - train(rank0) - INFO -     loss_cont      : 0.06176498559388248
2025-12-20 01:46:27,690 - train(rank0) - INFO -     loss_bce_distill: 0.0
2025-12-20 01:46:27,690 - train(rank0) - INFO -     loss_old_step  : 0.07011988792907108
2025-12-20 01:46:27,690 - train(rank0) - INFO -     consistency_ratio: 1.0
2025-12-20 01:46:27,690 - train(rank0) - INFO -     loss_grad      : 0
2025-12-20 01:46:27,690 - train(rank0) - INFO -     loss_fake_legacy: 0.003915224054997618
2025-12-20 01:46:27,690 - train(rank0) - INFO -     loss_fake_phase: 0.09663238816640594
2025-12-20 01:46:27,690 - train(rank0) - INFO -     num_fake_legacy: 127262.0
2025-12-20 01:46:27,690 - train(rank0) - INFO -     num_fake_phase : 106975.36363636363
2025-12-20 01:46:27,695 - train(rank0) - INFO - Epoch - 32
2025-12-20 01:46:32,764 - train(rank0) - INFO - lr[0]: 0.000052 / lr[1]: 0.000519 / lr[2]: 0.000519
2025-12-20 01:46:32,764 - train(rank0) - INFO - [0/22]
2025-12-20 01:46:35,528 - train(rank0) - INFO - [4/22]
2025-12-20 01:46:38,236 - train(rank0) - INFO - [8/22]
2025-12-20 01:46:40,911 - train(rank0) - INFO - [12/22]
2025-12-20 01:46:43,456 - train(rank0) - INFO - [16/22]
2025-12-20 01:46:46,062 - train(rank0) - INFO - [20/22]
2025-12-20 01:46:46,722 - train(rank0) - INFO -     epoch          : 32
2025-12-20 01:46:46,722 - train(rank0) - INFO -     loss           : 0.14219188757918097
2025-12-20 01:46:46,722 - train(rank0) - INFO -     loss_mbce      : 0.07333105599338358
2025-12-20 01:46:46,722 - train(rank0) - INFO -     loss_pkd       : 0.007237985304196958
2025-12-20 01:46:46,722 - train(rank0) - INFO -     loss_cont      : 0.0616228466684168
2025-12-20 01:46:46,723 - train(rank0) - INFO -     loss_bce_distill: 0.0
2025-12-20 01:46:46,723 - train(rank0) - INFO -     loss_old_step  : 0.06886083294044841
2025-12-20 01:46:46,723 - train(rank0) - INFO -     consistency_ratio: 1.0
2025-12-20 01:46:46,723 - train(rank0) - INFO -     loss_grad      : 0
2025-12-20 01:46:46,723 - train(rank0) - INFO -     loss_fake_legacy: 0.003848269454796206
2025-12-20 01:46:46,723 - train(rank0) - INFO -     loss_fake_phase: 0.09493839639154347
2025-12-20 01:46:46,723 - train(rank0) - INFO -     num_fake_legacy: 127262.0
2025-12-20 01:46:46,723 - train(rank0) - INFO -     num_fake_phase : 107807.36363636363
2025-12-20 01:46:46,728 - train(rank0) - INFO - Epoch - 33
2025-12-20 01:46:51,672 - train(rank0) - INFO - lr[0]: 0.000050 / lr[1]: 0.000503 / lr[2]: 0.000503
2025-12-20 01:46:51,691 - train(rank0) - INFO - [0/22]
2025-12-20 01:46:54,463 - train(rank0) - INFO - [4/22]
2025-12-20 01:46:57,120 - train(rank0) - INFO - [8/22]
2025-12-20 01:46:59,766 - train(rank0) - INFO - [12/22]
2025-12-20 01:47:02,438 - train(rank0) - INFO - [16/22]
2025-12-20 01:47:05,052 - train(rank0) - INFO - [20/22]
2025-12-20 01:47:05,715 - train(rank0) - INFO -     epoch          : 33
2025-12-20 01:47:05,716 - train(rank0) - INFO -     loss           : 0.1415103877132589
2025-12-20 01:47:05,716 - train(rank0) - INFO -     loss_mbce      : 0.0718251895159483
2025-12-20 01:47:05,716 - train(rank0) - INFO -     loss_pkd       : 0.008223748366369611
2025-12-20 01:47:05,716 - train(rank0) - INFO -     loss_cont      : 0.06146144677292218
2025-12-20 01:47:05,716 - train(rank0) - INFO -     loss_bce_distill: 0.0
2025-12-20 01:47:05,716 - train(rank0) - INFO -     loss_old_step  : 0.06968519667332823
2025-12-20 01:47:05,716 - train(rank0) - INFO -     consistency_ratio: 1.0
2025-12-20 01:47:05,716 - train(rank0) - INFO -     loss_grad      : 0
2025-12-20 01:47:05,716 - train(rank0) - INFO -     loss_fake_legacy: 0.0038432053882967343
2025-12-20 01:47:05,716 - train(rank0) - INFO -     loss_fake_phase: 0.09316576644778252
2025-12-20 01:47:05,716 - train(rank0) - INFO -     num_fake_legacy: 127262.0
2025-12-20 01:47:05,716 - train(rank0) - INFO -     num_fake_phase : 107528.13636363637
2025-12-20 01:47:05,721 - train(rank0) - INFO - Epoch - 34
2025-12-20 01:47:08,827 - train(rank0) - INFO - lr[0]: 0.000049 / lr[1]: 0.000487 / lr[2]: 0.000487
2025-12-20 01:47:08,827 - train(rank0) - INFO - [0/22]
2025-12-20 01:47:13,236 - train(rank0) - INFO - [4/22]
2025-12-20 01:47:15,913 - train(rank0) - INFO - [8/22]
2025-12-20 01:47:18,535 - train(rank0) - INFO - [12/22]
2025-12-20 01:47:21,181 - train(rank0) - INFO - [16/22]
2025-12-20 01:47:23,856 - train(rank0) - INFO - [20/22]
2025-12-20 01:47:24,632 - train(rank0) - INFO -     epoch          : 34
2025-12-20 01:47:24,633 - train(rank0) - INFO -     loss           : 0.13899753141132268
2025-12-20 01:47:24,633 - train(rank0) - INFO -     loss_mbce      : 0.0699003017084165
2025-12-20 01:47:24,633 - train(rank0) - INFO -     loss_pkd       : 0.007694845222762193
2025-12-20 01:47:24,633 - train(rank0) - INFO -     loss_cont      : 0.061402382633902804
2025-12-20 01:47:24,633 - train(rank0) - INFO -     loss_bce_distill: 0.0
2025-12-20 01:47:24,633 - train(rank0) - INFO -     loss_old_step  : 0.06909722970290617
2025-12-20 01:47:24,633 - train(rank0) - INFO -     consistency_ratio: 1.0
2025-12-20 01:47:24,633 - train(rank0) - INFO -     loss_grad      : 0
2025-12-20 01:47:24,633 - train(rank0) - INFO -     loss_fake_legacy: 0.003741015076891265
2025-12-20 01:47:24,633 - train(rank0) - INFO -     loss_fake_phase: 0.09026052091609348
2025-12-20 01:47:24,633 - train(rank0) - INFO -     num_fake_legacy: 127262.0
2025-12-20 01:47:24,633 - train(rank0) - INFO -     num_fake_phase : 108033.5
2025-12-20 01:47:24,638 - train(rank0) - INFO - Epoch - 35
2025-12-20 01:47:29,349 - train(rank0) - INFO - lr[0]: 0.000047 / lr[1]: 0.000470 / lr[2]: 0.000470
2025-12-20 01:47:29,349 - train(rank0) - INFO - [0/22]
2025-12-20 01:47:32,380 - train(rank0) - INFO - [4/22]
2025-12-20 01:47:35,086 - train(rank0) - INFO - [8/22]
2025-12-20 01:47:37,681 - train(rank0) - INFO - [12/22]
2025-12-20 01:47:40,336 - train(rank0) - INFO - [16/22]
2025-12-20 01:47:42,977 - train(rank0) - INFO - [20/22]
2025-12-20 01:47:43,646 - train(rank0) - INFO -     epoch          : 35
2025-12-20 01:47:43,646 - train(rank0) - INFO -     loss           : 0.13894436271353203
2025-12-20 01:47:43,646 - train(rank0) - INFO -     loss_mbce      : 0.06991623562167991
2025-12-20 01:47:43,646 - train(rank0) - INFO -     loss_pkd       : 0.0077393289724237875
2025-12-20 01:47:43,646 - train(rank0) - INFO -     loss_cont      : 0.06128879785537721
2025-12-20 01:47:43,646 - train(rank0) - INFO -     loss_bce_distill: 0.0
2025-12-20 01:47:43,646 - train(rank0) - INFO -     loss_old_step  : 0.06902812827717174
2025-12-20 01:47:43,647 - train(rank0) - INFO -     consistency_ratio: 1.0
2025-12-20 01:47:43,647 - train(rank0) - INFO -     loss_grad      : 0
2025-12-20 01:47:43,647 - train(rank0) - INFO -     loss_fake_legacy: 0.0037742577472024345
2025-12-20 01:47:43,647 - train(rank0) - INFO -     loss_fake_phase: 0.08911776678128676
2025-12-20 01:47:43,647 - train(rank0) - INFO -     num_fake_legacy: 127262.0
2025-12-20 01:47:43,647 - train(rank0) - INFO -     num_fake_phase : 106707.95454545454
2025-12-20 01:47:43,652 - train(rank0) - INFO - Epoch - 36
2025-12-20 01:47:47,408 - train(rank0) - INFO - lr[0]: 0.000045 / lr[1]: 0.000454 / lr[2]: 0.000454
2025-12-20 01:47:47,408 - train(rank0) - INFO - [0/22]
2025-12-20 01:47:51,472 - train(rank0) - INFO - [4/22]
2025-12-20 01:47:54,292 - train(rank0) - INFO - [8/22]
2025-12-20 01:47:56,936 - train(rank0) - INFO - [12/22]
2025-12-20 01:47:59,571 - train(rank0) - INFO - [16/22]
2025-12-20 01:48:02,243 - train(rank0) - INFO - [20/22]
2025-12-20 01:48:02,901 - train(rank0) - INFO -     epoch          : 36
2025-12-20 01:48:02,901 - train(rank0) - INFO -     loss           : 0.14026646011255003
2025-12-20 01:48:02,902 - train(rank0) - INFO -     loss_mbce      : 0.07025145874782042
2025-12-20 01:48:02,902 - train(rank0) - INFO -     loss_pkd       : 0.008412950463190844
2025-12-20 01:48:02,902 - train(rank0) - INFO -     loss_cont      : 0.061602049253203665
2025-12-20 01:48:02,902 - train(rank0) - INFO -     loss_bce_distill: 0.0
2025-12-20 01:48:02,902 - train(rank0) - INFO -     loss_old_step  : 0.07001500068740411
2025-12-20 01:48:02,902 - train(rank0) - INFO -     consistency_ratio: 1.0
2025-12-20 01:48:02,902 - train(rank0) - INFO -     loss_grad      : 0
2025-12-20 01:48:02,902 - train(rank0) - INFO -     loss_fake_legacy: 0.003687221874398264
2025-12-20 01:48:02,902 - train(rank0) - INFO -     loss_fake_phase: 0.08850781450217421
2025-12-20 01:48:02,902 - train(rank0) - INFO -     num_fake_legacy: 127262.0
2025-12-20 01:48:02,902 - train(rank0) - INFO -     num_fake_phase : 105885.68181818182
2025-12-20 01:48:02,907 - train(rank0) - INFO - Epoch - 37
2025-12-20 01:48:06,011 - train(rank0) - INFO - lr[0]: 0.000044 / lr[1]: 0.000438 / lr[2]: 0.000438
2025-12-20 01:48:06,011 - train(rank0) - INFO - [0/22]
2025-12-20 01:48:09,861 - train(rank0) - INFO - [4/22]
2025-12-20 01:48:12,609 - train(rank0) - INFO - [8/22]
2025-12-20 01:48:15,367 - train(rank0) - INFO - [12/22]
2025-12-20 01:48:18,093 - train(rank0) - INFO - [16/22]
2025-12-20 01:48:20,748 - train(rank0) - INFO - [20/22]
2025-12-20 01:48:21,377 - train(rank0) - INFO -     epoch          : 37
2025-12-20 01:48:21,378 - train(rank0) - INFO -     loss           : 0.13877000829035585
2025-12-20 01:48:21,378 - train(rank0) - INFO -     loss_mbce      : 0.06885846365581859
2025-12-20 01:48:21,378 - train(rank0) - INFO -     loss_pkd       : 0.007996523861286485
2025-12-20 01:48:21,378 - train(rank0) - INFO -     loss_cont      : 0.06191502050919966
2025-12-20 01:48:21,378 - train(rank0) - INFO -     loss_bce_distill: 0.0
2025-12-20 01:48:21,378 - train(rank0) - INFO -     loss_old_step  : 0.06991154632785103
2025-12-20 01:48:21,378 - train(rank0) - INFO -     consistency_ratio: 1.0
2025-12-20 01:48:21,378 - train(rank0) - INFO -     loss_grad      : 0
2025-12-20 01:48:21,378 - train(rank0) - INFO -     loss_fake_legacy: 0.0037488130196420984
2025-12-20 01:48:21,378 - train(rank0) - INFO -     loss_fake_phase: 0.08675189553336664
2025-12-20 01:48:21,378 - train(rank0) - INFO -     num_fake_legacy: 127262.0
2025-12-20 01:48:21,378 - train(rank0) - INFO -     num_fake_phase : 106933.63636363637
2025-12-20 01:48:21,383 - train(rank0) - INFO - Epoch - 38
2025-12-20 01:48:24,851 - train(rank0) - INFO - lr[0]: 0.000042 / lr[1]: 0.000421 / lr[2]: 0.000421
2025-12-20 01:48:24,852 - train(rank0) - INFO - [0/22]
2025-12-20 01:48:28,426 - train(rank0) - INFO - [4/22]
2025-12-20 01:48:31,038 - train(rank0) - INFO - [8/22]
2025-12-20 01:48:33,637 - train(rank0) - INFO - [12/22]
2025-12-20 01:48:36,253 - train(rank0) - INFO - [16/22]
2025-12-20 01:48:39,005 - train(rank0) - INFO - [20/22]
2025-12-20 01:48:39,666 - train(rank0) - INFO -     epoch          : 38
2025-12-20 01:48:39,667 - train(rank0) - INFO -     loss           : 0.1397752518003637
2025-12-20 01:48:39,667 - train(rank0) - INFO -     loss_mbce      : 0.07050991888073357
2025-12-20 01:48:39,667 - train(rank0) - INFO -     loss_pkd       : 0.008143378892617131
2025-12-20 01:48:39,667 - train(rank0) - INFO -     loss_cont      : 0.061121951991861524
2025-12-20 01:48:39,667 - train(rank0) - INFO -     loss_bce_distill: 0.0
2025-12-20 01:48:39,667 - train(rank0) - INFO -     loss_old_step  : 0.06926533207297325
2025-12-20 01:48:39,667 - train(rank0) - INFO -     consistency_ratio: 1.0
2025-12-20 01:48:39,667 - train(rank0) - INFO -     loss_grad      : 0
2025-12-20 01:48:39,667 - train(rank0) - INFO -     loss_fake_legacy: 0.0036978375970978627
2025-12-20 01:48:39,667 - train(rank0) - INFO -     loss_fake_phase: 0.08638160235502503
2025-12-20 01:48:39,667 - train(rank0) - INFO -     num_fake_legacy: 127262.0
2025-12-20 01:48:39,667 - train(rank0) - INFO -     num_fake_phase : 106233.09090909091
2025-12-20 01:48:39,672 - train(rank0) - INFO - Epoch - 39
2025-12-20 01:48:42,624 - train(rank0) - INFO - lr[0]: 0.000040 / lr[1]: 0.000405 / lr[2]: 0.000405
2025-12-20 01:48:42,624 - train(rank0) - INFO - [0/22]
2025-12-20 01:48:46,862 - train(rank0) - INFO - [4/22]
2025-12-20 01:48:49,492 - train(rank0) - INFO - [8/22]
2025-12-20 01:48:52,237 - train(rank0) - INFO - [12/22]
2025-12-20 01:48:55,096 - train(rank0) - INFO - [16/22]
2025-12-20 01:48:57,751 - train(rank0) - INFO - [20/22]
2025-12-20 01:48:58,483 - train(rank0) - INFO -     epoch          : 39
2025-12-20 01:48:58,484 - train(rank0) - INFO -     loss           : 0.14088246124711903
2025-12-20 01:48:58,484 - train(rank0) - INFO -     loss_mbce      : 0.07047437978061763
2025-12-20 01:48:58,484 - train(rank0) - INFO -     loss_pkd       : 0.008581221138063649
2025-12-20 01:48:58,484 - train(rank0) - INFO -     loss_cont      : 0.06182685656981036
2025-12-20 01:48:58,484 - train(rank0) - INFO -     loss_bce_distill: 0.0
2025-12-20 01:48:58,484 - train(rank0) - INFO -     loss_old_step  : 0.07040807943452489
2025-12-20 01:48:58,484 - train(rank0) - INFO -     consistency_ratio: 1.0
2025-12-20 01:48:58,484 - train(rank0) - INFO -     loss_grad      : 0
2025-12-20 01:48:58,484 - train(rank0) - INFO -     loss_fake_legacy: 0.003725457968274978
2025-12-20 01:48:58,484 - train(rank0) - INFO -     loss_fake_phase: 0.0856516496701674
2025-12-20 01:48:58,484 - train(rank0) - INFO -     num_fake_legacy: 127262.0
2025-12-20 01:48:58,484 - train(rank0) - INFO -     num_fake_phase : 105911.86363636363
2025-12-20 01:48:58,489 - train(rank0) - INFO - Epoch - 40
2025-12-20 01:49:03,398 - train(rank0) - INFO - lr[0]: 0.000039 / lr[1]: 0.000388 / lr[2]: 0.000388
2025-12-20 01:49:03,399 - train(rank0) - INFO - [0/22]
2025-12-20 01:49:06,150 - train(rank0) - INFO - [4/22]
2025-12-20 01:49:08,793 - train(rank0) - INFO - [8/22]
2025-12-20 01:49:11,504 - train(rank0) - INFO - [12/22]
2025-12-20 01:49:14,138 - train(rank0) - INFO - [16/22]
2025-12-20 01:49:16,803 - train(rank0) - INFO - [20/22]
2025-12-20 01:49:17,493 - train(rank0) - INFO -     epoch          : 40
2025-12-20 01:49:17,493 - train(rank0) - INFO -     loss           : 0.1391304074363275
2025-12-20 01:49:17,494 - train(rank0) - INFO -     loss_mbce      : 0.07001668028533459
2025-12-20 01:49:17,494 - train(rank0) - INFO -     loss_pkd       : 0.007347680154701017
2025-12-20 01:49:17,494 - train(rank0) - INFO -     loss_cont      : 0.06176604628562927
2025-12-20 01:49:17,494 - train(rank0) - INFO -     loss_bce_distill: 0.0
2025-12-20 01:49:17,494 - train(rank0) - INFO -     loss_old_step  : 0.0691137273203243
2025-12-20 01:49:17,494 - train(rank0) - INFO -     consistency_ratio: 1.0
2025-12-20 01:49:17,494 - train(rank0) - INFO -     loss_grad      : 0
2025-12-20 01:49:17,494 - train(rank0) - INFO -     loss_fake_legacy: 0.003749466204846447
2025-12-20 01:49:17,494 - train(rank0) - INFO -     loss_fake_phase: 0.08405551077290015
2025-12-20 01:49:17,494 - train(rank0) - INFO -     num_fake_legacy: 127262.0
2025-12-20 01:49:17,494 - train(rank0) - INFO -     num_fake_phase : 105045.54545454546
2025-12-20 01:49:17,501 - train(rank0) - INFO - Epoch - 41
2025-12-20 01:49:21,434 - train(rank0) - INFO - lr[0]: 0.000037 / lr[1]: 0.000371 / lr[2]: 0.000371
2025-12-20 01:49:21,434 - train(rank0) - INFO - [0/22]
2025-12-20 01:49:25,435 - train(rank0) - INFO - [4/22]
2025-12-20 01:49:28,183 - train(rank0) - INFO - [8/22]
2025-12-20 01:49:30,836 - train(rank0) - INFO - [12/22]
2025-12-20 01:49:33,703 - train(rank0) - INFO - [16/22]
2025-12-20 01:49:36,430 - train(rank0) - INFO - [20/22]
2025-12-20 01:49:37,064 - train(rank0) - INFO -     epoch          : 41
2025-12-20 01:49:37,064 - train(rank0) - INFO -     loss           : 0.1354149231179194
2025-12-20 01:49:37,064 - train(rank0) - INFO -     loss_mbce      : 0.06628659333695065
2025-12-20 01:49:37,064 - train(rank0) - INFO -     loss_pkd       : 0.007440932147966867
2025-12-20 01:49:37,064 - train(rank0) - INFO -     loss_cont      : 0.06168739633126692
2025-12-20 01:49:37,064 - train(rank0) - INFO -     loss_bce_distill: 0.0
2025-12-20 01:49:37,064 - train(rank0) - INFO -     loss_old_step  : 0.06912832978096875
2025-12-20 01:49:37,064 - train(rank0) - INFO -     consistency_ratio: 1.0
2025-12-20 01:49:37,064 - train(rank0) - INFO -     loss_grad      : 0
2025-12-20 01:49:37,064 - train(rank0) - INFO -     loss_fake_legacy: 0.0036900658372112298
2025-12-20 01:49:37,064 - train(rank0) - INFO -     loss_fake_phase: 0.08121353015303612
2025-12-20 01:49:37,065 - train(rank0) - INFO -     num_fake_legacy: 127262.0
2025-12-20 01:49:37,065 - train(rank0) - INFO -     num_fake_phase : 107053.04545454546
2025-12-20 01:49:37,065 - train(rank0) - INFO - Number of test loader: 1449
2025-12-20 01:49:39,702 - train(rank0) - INFO - [0/1449]
2025-12-20 01:49:47,613 - train(rank0) - INFO - [289/1449]
2025-12-20 01:49:56,051 - train(rank0) - INFO - [578/1449]
2025-12-20 01:50:03,951 - train(rank0) - INFO - [867/1449]
2025-12-20 01:50:13,227 - train(rank0) - INFO - [1156/1449]
2025-12-20 01:50:20,941 - train(rank0) - INFO - [1445/1449]
2025-12-20 01:50:21,015 - train(rank0) - INFO - Test evaluation at epoch 41 (validate mode)
2025-12-20 01:50:21,016 - train(rank0) - INFO -     Pixel_Accuracy_old: 93.68
2025-12-20 01:50:21,016 - train(rank0) - INFO -     Pixel_Accuracy_new: 68.15583389818575
2025-12-20 01:50:21,016 - train(rank0) - INFO -     Pixel_Accuracy_harmonic: 78.9051963096553
2025-12-20 01:50:21,016 - train(rank0) - INFO -     Pixel_Accuracy_overall: 92.21
2025-12-20 01:50:21,016 - train(rank0) - INFO -     Pixel_Accuracy_Class_old: 90.28
2025-12-20 01:50:21,016 - train(rank0) - INFO -     Pixel_Accuracy_Class_new: 63.711891959275945
2025-12-20 01:50:21,016 - train(rank0) - INFO -     Pixel_Accuracy_Class_harmonic: 74.7035202184943
2025-12-20 01:50:21,016 - train(rank0) - INFO -     Pixel_Accuracy_Class_overall: 83.95
2025-12-20 01:50:21,016 - train(rank0) - INFO -     Pixel_Accuracy_Class_by_class: 
 0  background 94.19
 1  aeroplane 95.26
 2  bicycle 93.33
 3  bird 95.41
 4  boat 92.83
 5  bottle 91.82
 6  bus 95.88
 7  car 95.35
 8  cat 97.95
 9  chair 55.98
10  cow 90.22
11  diningtable 66.13
12  dog 96.87
13  horse 94.86
14  motorbike 93.83
15  person 94.55
16 *pottedplant 47.00
17 *sheep 69.29
18 *sofa 56.39
19 *train 86.71
20 *tvmonitor 59.17

2025-12-20 01:50:21,016 - train(rank0) - INFO -     Mean_Intersection_over_Union_old: 78.04
2025-12-20 01:50:21,016 - train(rank0) - INFO -     Mean_Intersection_over_Union_new: 52.1904269382528
2025-12-20 01:50:21,016 - train(rank0) - INFO -     Mean_Intersection_over_Union_harmonic: 62.54977245921898
2025-12-20 01:50:21,016 - train(rank0) - INFO -     Mean_Intersection_over_Union_overall: 71.89
2025-12-20 01:50:21,016 - train(rank0) - INFO -     Mean_Intersection_over_Union_by_class: 
 0  background 90.81
 1  aeroplane 87.50
 2  bicycle 40.71
 3  bird 89.43
 4  boat 69.28
 5  bottle 77.52
 6  bus 92.38
 7  car 88.57
 8  cat 92.29
 9  chair 39.13
10  cow 80.68
11  diningtable 60.15
12  dog 87.51
13  horse 82.92
14  motorbike 84.58
15  person 85.18
16 *pottedplant 39.31
17 *sheep 65.98
18 *sofa 31.23
19 *train 73.70
20 *tvmonitor 50.74

2025-12-20 01:50:22,457 - train(rank0) - INFO - Saving current test-best: best-test-epoch41-miou71.89.pth ...
2025-12-20 01:50:22,463 - train(rank0) - INFO - Epoch - 42
2025-12-20 01:50:25,812 - train(rank0) - INFO - lr[0]: 0.000035 / lr[1]: 0.000354 / lr[2]: 0.000354
2025-12-20 01:50:25,812 - train(rank0) - INFO - [0/22]
2025-12-20 01:50:29,893 - train(rank0) - INFO - [4/22]
2025-12-20 01:50:32,504 - train(rank0) - INFO - [8/22]
2025-12-20 01:50:35,189 - train(rank0) - INFO - [12/22]
2025-12-20 01:50:37,815 - train(rank0) - INFO - [16/22]
2025-12-20 01:50:40,582 - train(rank0) - INFO - [20/22]
2025-12-20 01:50:41,249 - train(rank0) - INFO -     epoch          : 42
2025-12-20 01:50:41,250 - train(rank0) - INFO -     loss           : 0.13802471147342163
2025-12-20 01:50:41,250 - train(rank0) - INFO -     loss_mbce      : 0.0683858184651895
2025-12-20 01:50:41,250 - train(rank0) - INFO -     loss_pkd       : 0.008337322797160596
2025-12-20 01:50:41,250 - train(rank0) - INFO -     loss_cont      : 0.06130157058889214
2025-12-20 01:50:41,250 - train(rank0) - INFO -     loss_bce_distill: 0.0
2025-12-20 01:50:41,250 - train(rank0) - INFO -     loss_old_step  : 0.06963889402422038
2025-12-20 01:50:41,250 - train(rank0) - INFO -     consistency_ratio: 1.0
2025-12-20 01:50:41,250 - train(rank0) - INFO -     loss_grad      : 0
2025-12-20 01:50:41,250 - train(rank0) - INFO -     loss_fake_legacy: 0.003696224863894961
2025-12-20 01:50:41,250 - train(rank0) - INFO -     loss_fake_phase: 0.08203970539298924
2025-12-20 01:50:41,250 - train(rank0) - INFO -     num_fake_legacy: 127262.0
2025-12-20 01:50:41,250 - train(rank0) - INFO -     num_fake_phase : 107828.27272727272
2025-12-20 01:50:41,250 - train(rank0) - INFO - Number of test loader: 1449
2025-12-20 01:50:41,380 - train(rank0) - INFO - [0/1449]
2025-12-20 01:50:49,373 - train(rank0) - INFO - [289/1449]
2025-12-20 01:50:58,066 - train(rank0) - INFO - [578/1449]
2025-12-20 01:51:07,018 - train(rank0) - INFO - [867/1449]
2025-12-20 01:51:17,941 - train(rank0) - INFO - [1156/1449]
2025-12-20 01:51:26,149 - train(rank0) - INFO - [1445/1449]
2025-12-20 01:51:26,224 - train(rank0) - INFO - Test evaluation at epoch 42 (validate mode)
2025-12-20 01:51:26,224 - train(rank0) - INFO -     Pixel_Accuracy_old: 93.69
2025-12-20 01:51:26,224 - train(rank0) - INFO -     Pixel_Accuracy_new: 68.29423526612914
2025-12-20 01:51:26,224 - train(rank0) - INFO -     Pixel_Accuracy_harmonic: 79.00021797104337
2025-12-20 01:51:26,224 - train(rank0) - INFO -     Pixel_Accuracy_overall: 92.22
2025-12-20 01:51:26,224 - train(rank0) - INFO -     Pixel_Accuracy_Class_old: 90.23
2025-12-20 01:51:26,224 - train(rank0) - INFO -     Pixel_Accuracy_Class_new: 63.887560919715064
2025-12-20 01:51:26,224 - train(rank0) - INFO -     Pixel_Accuracy_Class_harmonic: 74.80596680924627
2025-12-20 01:51:26,224 - train(rank0) - INFO -     Pixel_Accuracy_Class_overall: 83.95
2025-12-20 01:51:26,224 - train(rank0) - INFO -     Pixel_Accuracy_Class_by_class: 
 0  background 94.21
 1  aeroplane 95.27
 2  bicycle 93.23
 3  bird 95.34
 4  boat 92.70
 5  bottle 92.03
 6  bus 95.87
 7  car 95.31
 8  cat 97.94
 9  chair 55.63
10  cow 90.24
11  diningtable 65.90
12  dog 96.85
13  horse 94.84
14  motorbike 93.71
15  person 94.54
16 *pottedplant 46.99
17 *sheep 69.18
18 *sofa 56.97
19 *train 86.45
20 *tvmonitor 59.85

2025-12-20 01:51:26,224 - train(rank0) - INFO -     Mean_Intersection_over_Union_old: 78.09
2025-12-20 01:51:26,224 - train(rank0) - INFO -     Mean_Intersection_over_Union_new: 52.3031866065882
2025-12-20 01:51:26,224 - train(rank0) - INFO -     Mean_Intersection_over_Union_harmonic: 62.64537298007741
2025-12-20 01:51:26,224 - train(rank0) - INFO -     Mean_Intersection_over_Union_overall: 71.95
2025-12-20 01:51:26,225 - train(rank0) - INFO -     Mean_Intersection_over_Union_by_class: 
 0  background 90.82
 1  aeroplane 87.57
 2  bicycle 40.77
 3  bird 89.42
 4  boat 69.42
 5  bottle 77.74
 6  bus 92.41
 7  car 88.58
 8  cat 92.34
 9  chair 39.19
10  cow 80.71
11  diningtable 60.06
12  dog 87.55
13  horse 82.98
14  motorbike 84.61
15  person 85.19
16 *pottedplant 39.33
17 *sheep 65.89
18 *sofa 31.34
19 *train 73.97
20 *tvmonitor 50.99

2025-12-20 01:51:27,738 - train(rank0) - INFO - Saving current test-best: best-test-epoch42-miou71.95.pth ...
2025-12-20 01:51:27,744 - train(rank0) - INFO - Epoch - 43
2025-12-20 01:51:33,008 - train(rank0) - INFO - lr[0]: 0.000034 / lr[1]: 0.000338 / lr[2]: 0.000338
2025-12-20 01:51:33,009 - train(rank0) - INFO - [0/22]
2025-12-20 01:51:36,155 - train(rank0) - INFO - [4/22]
2025-12-20 01:51:39,049 - train(rank0) - INFO - [8/22]
2025-12-20 01:51:41,808 - train(rank0) - INFO - [12/22]
2025-12-20 01:51:44,520 - train(rank0) - INFO - [16/22]
2025-12-20 01:51:47,194 - train(rank0) - INFO - [20/22]
2025-12-20 01:51:47,820 - train(rank0) - INFO -     epoch          : 43
2025-12-20 01:51:47,820 - train(rank0) - INFO -     loss           : 0.13408916714516553
2025-12-20 01:51:47,821 - train(rank0) - INFO -     loss_mbce      : 0.06528605029664257
2025-12-20 01:51:47,821 - train(rank0) - INFO -     loss_pkd       : 0.007667400509076701
2025-12-20 01:51:47,821 - train(rank0) - INFO -     loss_cont      : 0.06113571416247974
2025-12-20 01:51:47,821 - train(rank0) - INFO -     loss_bce_distill: 0.0
2025-12-20 01:51:47,821 - train(rank0) - INFO -     loss_old_step  : 0.06880311532454057
2025-12-20 01:51:47,821 - train(rank0) - INFO -     consistency_ratio: 1.0
2025-12-20 01:51:47,821 - train(rank0) - INFO -     loss_grad      : 0
2025-12-20 01:51:47,821 - train(rank0) - INFO -     loss_fake_legacy: 0.0037023789376359095
2025-12-20 01:51:47,821 - train(rank0) - INFO -     loss_fake_phase: 0.08200915530323982
2025-12-20 01:51:47,821 - train(rank0) - INFO -     num_fake_legacy: 127262.0
2025-12-20 01:51:47,821 - train(rank0) - INFO -     num_fake_phase : 105130.18181818182
2025-12-20 01:51:47,821 - train(rank0) - INFO - Number of test loader: 1449
2025-12-20 01:51:47,953 - train(rank0) - INFO - [0/1449]
2025-12-20 01:51:55,918 - train(rank0) - INFO - [289/1449]
2025-12-20 01:52:04,260 - train(rank0) - INFO - [578/1449]
2025-12-20 01:52:14,288 - train(rank0) - INFO - [867/1449]
2025-12-20 01:52:22,251 - train(rank0) - INFO - [1156/1449]
2025-12-20 01:52:30,021 - train(rank0) - INFO - [1445/1449]
2025-12-20 01:52:30,094 - train(rank0) - INFO - Test evaluation at epoch 43 (validate mode)
2025-12-20 01:52:30,094 - train(rank0) - INFO -     Pixel_Accuracy_old: 93.72
2025-12-20 01:52:30,094 - train(rank0) - INFO -     Pixel_Accuracy_new: 67.97657791670663
2025-12-20 01:52:30,094 - train(rank0) - INFO -     Pixel_Accuracy_harmonic: 78.79735253816199
2025-12-20 01:52:30,094 - train(rank0) - INFO -     Pixel_Accuracy_overall: 92.23
2025-12-20 01:52:30,094 - train(rank0) - INFO -     Pixel_Accuracy_Class_old: 90.26
2025-12-20 01:52:30,095 - train(rank0) - INFO -     Pixel_Accuracy_Class_new: 63.537838324725044
2025-12-20 01:52:30,095 - train(rank0) - INFO -     Pixel_Accuracy_Class_harmonic: 74.57715749466352
2025-12-20 01:52:30,095 - train(rank0) - INFO -     Pixel_Accuracy_Class_overall: 83.90
2025-12-20 01:52:30,095 - train(rank0) - INFO -     Pixel_Accuracy_Class_by_class: 
 0  background 94.24
 1  aeroplane 95.28
 2  bicycle 93.29
 3  bird 95.35
 4  boat 92.72
 5  bottle 91.90
 6  bus 95.88
 7  car 95.32
 8  cat 97.95
 9  chair 55.88
10  cow 90.29
11  diningtable 66.05
12  dog 96.84
13  horse 94.84
14  motorbike 93.78
15  person 94.53
16 *pottedplant 46.70
17 *sheep 69.15
18 *sofa 56.59
19 *train 86.26
20 *tvmonitor 58.99

2025-12-20 01:52:30,095 - train(rank0) - INFO -     Mean_Intersection_over_Union_old: 78.08
2025-12-20 01:52:30,095 - train(rank0) - INFO -     Mean_Intersection_over_Union_new: 52.2306065070048
2025-12-20 01:52:30,095 - train(rank0) - INFO -     Mean_Intersection_over_Union_harmonic: 62.59128353758258
2025-12-20 01:52:30,095 - train(rank0) - INFO -     Mean_Intersection_over_Union_overall: 71.92
2025-12-20 01:52:30,095 - train(rank0) - INFO -     Mean_Intersection_over_Union_by_class: 
 0  background 90.84
 1  aeroplane 87.53
 2  bicycle 40.73
 3  bird 89.42
 4  boat 69.42
 5  bottle 77.67
 6  bus 92.39
 7  car 88.60
 8  cat 92.31
 9  chair 39.17
10  cow 80.71
11  diningtable 60.16
12  dog 87.51
13  horse 83.02
14  motorbike 84.59
15  person 85.20
16 *pottedplant 39.19
17 *sheep 65.87
18 *sofa 31.32
19 *train 73.99
20 *tvmonitor 50.78

2025-12-20 01:52:30,100 - train(rank0) - INFO - Epoch - 44
2025-12-20 01:52:35,467 - train(rank0) - INFO - lr[0]: 0.000032 / lr[1]: 0.000321 / lr[2]: 0.000321
2025-12-20 01:52:35,467 - train(rank0) - INFO - [0/22]
2025-12-20 01:52:38,623 - train(rank0) - INFO - [4/22]
2025-12-20 01:52:41,373 - train(rank0) - INFO - [8/22]
2025-12-20 01:52:44,047 - train(rank0) - INFO - [12/22]
2025-12-20 01:52:46,700 - train(rank0) - INFO - [16/22]
2025-12-20 01:52:49,457 - train(rank0) - INFO - [20/22]
2025-12-20 01:52:50,124 - train(rank0) - INFO -     epoch          : 44
2025-12-20 01:52:50,125 - train(rank0) - INFO -     loss           : 0.13778228786858646
2025-12-20 01:52:50,125 - train(rank0) - INFO -     loss_mbce      : 0.06864818337966096
2025-12-20 01:52:50,125 - train(rank0) - INFO -     loss_pkd       : 0.007652220903599466
2025-12-20 01:52:50,125 - train(rank0) - INFO -     loss_cont      : 0.0614818805998022
2025-12-20 01:52:50,125 - train(rank0) - INFO -     loss_bce_distill: 0.0
2025-12-20 01:52:50,125 - train(rank0) - INFO -     loss_old_step  : 0.0691341029649431
2025-12-20 01:52:50,125 - train(rank0) - INFO -     consistency_ratio: 1.0
2025-12-20 01:52:50,125 - train(rank0) - INFO -     loss_grad      : 0
2025-12-20 01:52:50,125 - train(rank0) - INFO -     loss_fake_legacy: 0.0036019271726466036
2025-12-20 01:52:50,125 - train(rank0) - INFO -     loss_fake_phase: 0.07974363220008937
2025-12-20 01:52:50,125 - train(rank0) - INFO -     num_fake_legacy: 127262.0
2025-12-20 01:52:50,125 - train(rank0) - INFO -     num_fake_phase : 107859.81818181818
2025-12-20 01:52:50,125 - train(rank0) - INFO - Number of test loader: 1449
2025-12-20 01:52:50,249 - train(rank0) - INFO - [0/1449]
2025-12-20 01:52:58,435 - train(rank0) - INFO - [289/1449]
2025-12-20 01:53:07,470 - train(rank0) - INFO - [578/1449]
2025-12-20 01:53:15,938 - train(rank0) - INFO - [867/1449]
2025-12-20 01:53:23,697 - train(rank0) - INFO - [1156/1449]
2025-12-20 01:53:31,847 - train(rank0) - INFO - [1445/1449]
2025-12-20 01:53:31,920 - train(rank0) - INFO - Test evaluation at epoch 44 (validate mode)
2025-12-20 01:53:31,920 - train(rank0) - INFO -     Pixel_Accuracy_old: 93.73
2025-12-20 01:53:31,920 - train(rank0) - INFO -     Pixel_Accuracy_new: 67.86711179849235
2025-12-20 01:53:31,920 - train(rank0) - INFO -     Pixel_Accuracy_harmonic: 78.72756817490345
2025-12-20 01:53:31,920 - train(rank0) - INFO -     Pixel_Accuracy_overall: 92.23
2025-12-20 01:53:31,920 - train(rank0) - INFO -     Pixel_Accuracy_Class_old: 90.20
2025-12-20 01:53:31,920 - train(rank0) - INFO -     Pixel_Accuracy_Class_new: 63.377060730166534
2025-12-20 01:53:31,920 - train(rank0) - INFO -     Pixel_Accuracy_Class_harmonic: 74.44615114582665
2025-12-20 01:53:31,921 - train(rank0) - INFO -     Pixel_Accuracy_Class_overall: 83.81
2025-12-20 01:53:31,921 - train(rank0) - INFO -     Pixel_Accuracy_Class_by_class: 
 0  background 94.28
 1  aeroplane 95.20
 2  bicycle 93.26
 3  bird 95.34
 4  boat 92.73
 5  bottle 91.55
 6  bus 95.77
 7  car 95.32
 8  cat 97.95
 9  chair 55.67
10  cow 90.23
11  diningtable 65.93
12  dog 96.84
13  horse 94.85
14  motorbike 93.76
15  person 94.52
16 *pottedplant 46.72
17 *sheep 69.31
18 *sofa 56.38
19 *train 86.38
20 *tvmonitor 58.10

2025-12-20 01:53:31,921 - train(rank0) - INFO -     Mean_Intersection_over_Union_old: 78.08
2025-12-20 01:53:31,921 - train(rank0) - INFO -     Mean_Intersection_over_Union_new: 52.10039420411736
2025-12-20 01:53:31,921 - train(rank0) - INFO -     Mean_Intersection_over_Union_harmonic: 62.49755701297823
2025-12-20 01:53:31,921 - train(rank0) - INFO -     Mean_Intersection_over_Union_overall: 71.89
2025-12-20 01:53:31,921 - train(rank0) - INFO -     Mean_Intersection_over_Union_by_class: 
 0  background 90.85
 1  aeroplane 87.53
 2  bicycle 40.78
 3  bird 89.43
 4  boat 69.43
 5  bottle 77.71
 6  bus 92.34
 7  car 88.61
 8  cat 92.33
 9  chair 39.16
10  cow 80.68
11  diningtable 60.10
12  dog 87.54
13  horse 82.96
14  motorbike 84.61
15  person 85.21
16 *pottedplant 39.24
17 *sheep 65.95
18 *sofa 31.32
19 *train 73.66
20 *tvmonitor 50.34

2025-12-20 01:53:31,926 - train(rank0) - INFO - Epoch - 45
2025-12-20 01:53:34,978 - train(rank0) - INFO - lr[0]: 0.000030 / lr[1]: 0.000304 / lr[2]: 0.000304
2025-12-20 01:53:34,978 - train(rank0) - INFO - [0/22]
2025-12-20 01:53:38,235 - train(rank0) - INFO - [4/22]
2025-12-20 01:53:40,841 - train(rank0) - INFO - [8/22]
2025-12-20 01:53:43,499 - train(rank0) - INFO - [12/22]
2025-12-20 01:53:46,271 - train(rank0) - INFO - [16/22]
2025-12-20 01:53:49,009 - train(rank0) - INFO - [20/22]
2025-12-20 01:53:49,678 - train(rank0) - INFO -     epoch          : 45
2025-12-20 01:53:49,679 - train(rank0) - INFO -     loss           : 0.13367468626661735
2025-12-20 01:53:49,679 - train(rank0) - INFO -     loss_mbce      : 0.06471147388219833
2025-12-20 01:53:49,679 - train(rank0) - INFO -     loss_pkd       : 0.008014452932084996
2025-12-20 01:53:49,679 - train(rank0) - INFO -     loss_cont      : 0.060948757962747055
2025-12-20 01:53:49,679 - train(rank0) - INFO -     loss_bce_distill: 0.0
2025-12-20 01:53:49,679 - train(rank0) - INFO -     loss_old_step  : 0.06896321102976799
2025-12-20 01:53:49,679 - train(rank0) - INFO -     consistency_ratio: 1.0
2025-12-20 01:53:49,679 - train(rank0) - INFO -     loss_grad      : 0
2025-12-20 01:53:49,679 - train(rank0) - INFO -     loss_fake_legacy: 0.003590306965634227
2025-12-20 01:53:49,679 - train(rank0) - INFO -     loss_fake_phase: 0.07807259464805777
2025-12-20 01:53:49,679 - train(rank0) - INFO -     num_fake_legacy: 127262.0
2025-12-20 01:53:49,679 - train(rank0) - INFO -     num_fake_phase : 107097.54545454546
2025-12-20 01:53:49,679 - train(rank0) - INFO - Number of test loader: 1449
2025-12-20 01:53:49,864 - train(rank0) - INFO - [0/1449]
2025-12-20 01:53:57,773 - train(rank0) - INFO - [289/1449]
2025-12-20 01:54:05,636 - train(rank0) - INFO - [578/1449]
2025-12-20 01:54:14,883 - train(rank0) - INFO - [867/1449]
2025-12-20 01:54:23,346 - train(rank0) - INFO - [1156/1449]
2025-12-20 01:54:31,225 - train(rank0) - INFO - [1445/1449]
2025-12-20 01:54:31,299 - train(rank0) - INFO - Test evaluation at epoch 45 (validate mode)
2025-12-20 01:54:31,299 - train(rank0) - INFO -     Pixel_Accuracy_old: 93.69
2025-12-20 01:54:31,300 - train(rank0) - INFO -     Pixel_Accuracy_new: 68.18845454925456
2025-12-20 01:54:31,300 - train(rank0) - INFO -     Pixel_Accuracy_harmonic: 78.9322166552478
2025-12-20 01:54:31,300 - train(rank0) - INFO -     Pixel_Accuracy_overall: 92.22
2025-12-20 01:54:31,300 - train(rank0) - INFO -     Pixel_Accuracy_Class_old: 90.22
2025-12-20 01:54:31,300 - train(rank0) - INFO -     Pixel_Accuracy_Class_new: 63.763748023835376
2025-12-20 01:54:31,300 - train(rank0) - INFO -     Pixel_Accuracy_Class_harmonic: 74.71909938982704
2025-12-20 01:54:31,300 - train(rank0) - INFO -     Pixel_Accuracy_Class_overall: 83.92
2025-12-20 01:54:31,300 - train(rank0) - INFO -     Pixel_Accuracy_Class_by_class: 
 0  background 94.23
 1  aeroplane 95.23
 2  bicycle 93.28
 3  bird 95.36
 4  boat 92.72
 5  bottle 91.77
 6  bus 95.81
 7  car 95.33
 8  cat 97.94
 9  chair 55.69
10  cow 90.26
11  diningtable 65.93
12  dog 96.86
13  horse 94.84
14  motorbike 93.74
15  person 94.53
16 *pottedplant 46.84
17 *sheep 69.20
18 *sofa 56.80
19 *train 86.42
20 *tvmonitor 59.55

2025-12-20 01:54:31,300 - train(rank0) - INFO -     Mean_Intersection_over_Union_old: 78.07
2025-12-20 01:54:31,300 - train(rank0) - INFO -     Mean_Intersection_over_Union_new: 52.26007481217316
2025-12-20 01:54:31,300 - train(rank0) - INFO -     Mean_Intersection_over_Union_harmonic: 62.60917328949061
2025-12-20 01:54:31,300 - train(rank0) - INFO -     Mean_Intersection_over_Union_overall: 71.92
2025-12-20 01:54:31,300 - train(rank0) - INFO -     Mean_Intersection_over_Union_by_class: 
 0  background 90.83
 1  aeroplane 87.49
 2  bicycle 40.76
 3  bird 89.41
 4  boat 69.35
 5  bottle 77.70
 6  bus 92.39
 7  car 88.57
 8  cat 92.32
 9  chair 39.15
10  cow 80.70
11  diningtable 60.10
12  dog 87.53
13  horse 83.00
14  motorbike 84.60
15  person 85.19
16 *pottedplant 39.24
17 *sheep 65.88
18 *sofa 31.34
19 *train 73.88
20 *tvmonitor 50.97

2025-12-20 01:54:31,305 - train(rank0) - INFO - Epoch - 46
2025-12-20 01:54:34,657 - train(rank0) - INFO - lr[0]: 0.000029 / lr[1]: 0.000286 / lr[2]: 0.000286
2025-12-20 01:54:34,657 - train(rank0) - INFO - [0/22]
2025-12-20 01:54:40,425 - train(rank0) - INFO - [4/22]
2025-12-20 01:54:43,222 - train(rank0) - INFO - [8/22]
2025-12-20 01:54:45,967 - train(rank0) - INFO - [12/22]
2025-12-20 01:54:48,633 - train(rank0) - INFO - [16/22]
2025-12-20 01:54:51,377 - train(rank0) - INFO - [20/22]
2025-12-20 01:54:52,043 - train(rank0) - INFO -     epoch          : 46
2025-12-20 01:54:52,044 - train(rank0) - INFO -     loss           : 0.13746343857862733
2025-12-20 01:54:52,044 - train(rank0) - INFO -     loss_mbce      : 0.06824489903043617
2025-12-20 01:54:52,044 - train(rank0) - INFO -     loss_pkd       : 0.008302251662826166
2025-12-20 01:54:52,044 - train(rank0) - INFO -     loss_cont      : 0.060916287519715055
2025-12-20 01:54:52,044 - train(rank0) - INFO -     loss_bce_distill: 0.0
2025-12-20 01:54:52,044 - train(rank0) - INFO -     loss_old_step  : 0.06921854005618529
2025-12-20 01:54:52,044 - train(rank0) - INFO -     consistency_ratio: 1.0
2025-12-20 01:54:52,044 - train(rank0) - INFO -     loss_grad      : 0
2025-12-20 01:54:52,044 - train(rank0) - INFO -     loss_fake_legacy: 0.003661043772643263
2025-12-20 01:54:52,044 - train(rank0) - INFO -     loss_fake_phase: 0.08008788661523299
2025-12-20 01:54:52,044 - train(rank0) - INFO -     num_fake_legacy: 127262.0
2025-12-20 01:54:52,044 - train(rank0) - INFO -     num_fake_phase : 104013.90909090909
2025-12-20 01:54:52,044 - train(rank0) - INFO - Number of test loader: 1449
2025-12-20 01:54:52,212 - train(rank0) - INFO - [0/1449]
2025-12-20 01:55:00,228 - train(rank0) - INFO - [289/1449]
2025-12-20 01:55:08,797 - train(rank0) - INFO - [578/1449]
2025-12-20 01:55:16,770 - train(rank0) - INFO - [867/1449]
2025-12-20 01:55:24,949 - train(rank0) - INFO - [1156/1449]
2025-12-20 01:55:32,993 - train(rank0) - INFO - [1445/1449]
2025-12-20 01:55:33,071 - train(rank0) - INFO - Test evaluation at epoch 46 (validate mode)
2025-12-20 01:55:33,071 - train(rank0) - INFO -     Pixel_Accuracy_old: 93.70
2025-12-20 01:55:33,072 - train(rank0) - INFO -     Pixel_Accuracy_new: 68.01535706738262
2025-12-20 01:55:33,072 - train(rank0) - INFO -     Pixel_Accuracy_harmonic: 78.81750425324545
2025-12-20 01:55:33,072 - train(rank0) - INFO -     Pixel_Accuracy_overall: 92.22
2025-12-20 01:55:33,072 - train(rank0) - INFO -     Pixel_Accuracy_Class_old: 90.22
2025-12-20 01:55:33,072 - train(rank0) - INFO -     Pixel_Accuracy_Class_new: 63.53731381024736
2025-12-20 01:55:33,072 - train(rank0) - INFO -     Pixel_Accuracy_Class_harmonic: 74.56446431869142
2025-12-20 01:55:33,072 - train(rank0) - INFO -     Pixel_Accuracy_Class_overall: 83.87
2025-12-20 01:55:33,072 - train(rank0) - INFO -     Pixel_Accuracy_Class_by_class: 
 0  background 94.23
 1  aeroplane 95.19
 2  bicycle 93.26
 3  bird 95.36
 4  boat 92.71
 5  bottle 91.60
 6  bus 95.76
 7  car 95.31
 8  cat 97.94
 9  chair 55.89
10  cow 90.30
11  diningtable 66.02
12  dog 96.86
13  horse 94.86
14  motorbike 93.74
15  person 94.53
16 *pottedplant 46.65
17 *sheep 69.20
18 *sofa 56.71
19 *train 86.37
20 *tvmonitor 58.77

2025-12-20 01:55:33,072 - train(rank0) - INFO -     Mean_Intersection_over_Union_old: 78.08
2025-12-20 01:55:33,072 - train(rank0) - INFO -     Mean_Intersection_over_Union_new: 52.12022095295673
2025-12-20 01:55:33,072 - train(rank0) - INFO -     Mean_Intersection_over_Union_harmonic: 62.510619934685636
2025-12-20 01:55:33,072 - train(rank0) - INFO -     Mean_Intersection_over_Union_overall: 71.90
2025-12-20 01:55:33,072 - train(rank0) - INFO -     Mean_Intersection_over_Union_by_class: 
 0  background 90.83
 1  aeroplane 87.52
 2  bicycle 40.76
 3  bird 89.42
 4  boat 69.38
 5  bottle 77.72
 6  bus 92.37
 7  car 88.61
 8  cat 92.33
 9  chair 39.14
10  cow 80.70
11  diningtable 60.15
12  dog 87.52
13  horse 82.96
14  motorbike 84.61
15  person 85.19
16 *pottedplant 39.13
17 *sheep 65.90
18 *sofa 31.28
19 *train 73.79
20 *tvmonitor 50.49

2025-12-20 01:55:33,077 - train(rank0) - INFO - Epoch - 47
2025-12-20 01:55:36,159 - train(rank0) - INFO - lr[0]: 0.000027 / lr[1]: 0.000269 / lr[2]: 0.000269
2025-12-20 01:55:36,159 - train(rank0) - INFO - [0/22]
2025-12-20 01:55:39,447 - train(rank0) - INFO - [4/22]
2025-12-20 01:55:42,157 - train(rank0) - INFO - [8/22]
2025-12-20 01:55:44,730 - train(rank0) - INFO - [12/22]
2025-12-20 01:55:47,375 - train(rank0) - INFO - [16/22]
2025-12-20 01:55:50,033 - train(rank0) - INFO - [20/22]
2025-12-20 01:55:50,697 - train(rank0) - INFO -     epoch          : 47
2025-12-20 01:55:50,697 - train(rank0) - INFO -     loss           : 0.1370415020395409
2025-12-20 01:55:50,697 - train(rank0) - INFO -     loss_mbce      : 0.0677807688374411
2025-12-20 01:55:50,697 - train(rank0) - INFO -     loss_pkd       : 0.007735097778177905
2025-12-20 01:55:50,697 - train(rank0) - INFO -     loss_cont      : 0.061525633389299575
2025-12-20 01:55:50,697 - train(rank0) - INFO -     loss_bce_distill: 0.0
2025-12-20 01:55:50,697 - train(rank0) - INFO -     loss_old_step  : 0.06926073286343705
2025-12-20 01:55:50,698 - train(rank0) - INFO -     consistency_ratio: 1.0
2025-12-20 01:55:50,698 - train(rank0) - INFO -     loss_grad      : 0
2025-12-20 01:55:50,698 - train(rank0) - INFO -     loss_fake_legacy: 0.003643680363893509
2025-12-20 01:55:50,698 - train(rank0) - INFO -     loss_fake_phase: 0.07863546704704111
2025-12-20 01:55:50,698 - train(rank0) - INFO -     num_fake_legacy: 127262.0
2025-12-20 01:55:50,698 - train(rank0) - INFO -     num_fake_phase : 106267.27272727272
2025-12-20 01:55:50,698 - train(rank0) - INFO - Number of test loader: 1449
2025-12-20 01:55:50,892 - train(rank0) - INFO - [0/1449]
2025-12-20 01:55:58,768 - train(rank0) - INFO - [289/1449]
2025-12-20 01:56:06,594 - train(rank0) - INFO - [578/1449]
2025-12-20 01:56:15,211 - train(rank0) - INFO - [867/1449]
2025-12-20 01:56:23,093 - train(rank0) - INFO - [1156/1449]
2025-12-20 01:56:31,260 - train(rank0) - INFO - [1445/1449]
2025-12-20 01:56:31,361 - train(rank0) - INFO - Test evaluation at epoch 47 (validate mode)
2025-12-20 01:56:31,361 - train(rank0) - INFO -     Pixel_Accuracy_old: 93.69
2025-12-20 01:56:31,361 - train(rank0) - INFO -     Pixel_Accuracy_new: 68.16275857333459
2025-12-20 01:56:31,361 - train(rank0) - INFO -     Pixel_Accuracy_harmonic: 78.91474626239331
2025-12-20 01:56:31,361 - train(rank0) - INFO -     Pixel_Accuracy_overall: 92.22
2025-12-20 01:56:31,362 - train(rank0) - INFO -     Pixel_Accuracy_Class_old: 90.22
2025-12-20 01:56:31,362 - train(rank0) - INFO -     Pixel_Accuracy_Class_new: 63.71469536960567
2025-12-20 01:56:31,362 - train(rank0) - INFO -     Pixel_Accuracy_Class_harmonic: 74.68639791829412
2025-12-20 01:56:31,362 - train(rank0) - INFO -     Pixel_Accuracy_Class_overall: 83.91
2025-12-20 01:56:31,362 - train(rank0) - INFO -     Pixel_Accuracy_Class_by_class: 
 0  background 94.23
 1  aeroplane 95.23
 2  bicycle 93.30
 3  bird 95.38
 4  boat 92.73
 5  bottle 91.68
 6  bus 95.80
 7  car 95.31
 8  cat 97.95
 9  chair 55.69
10  cow 90.27
11  diningtable 66.06
12  dog 96.84
13  horse 94.84
14  motorbike 93.77
15  person 94.51
16 *pottedplant 46.85
17 *sheep 69.17
18 *sofa 56.55
19 *train 86.62
20 *tvmonitor 59.39

2025-12-20 01:56:31,362 - train(rank0) - INFO -     Mean_Intersection_over_Union_old: 78.08
2025-12-20 01:56:31,362 - train(rank0) - INFO -     Mean_Intersection_over_Union_new: 52.15346393006554
2025-12-20 01:56:31,362 - train(rank0) - INFO -     Mean_Intersection_over_Union_harmonic: 62.53455587161136
2025-12-20 01:56:31,362 - train(rank0) - INFO -     Mean_Intersection_over_Union_overall: 71.90
2025-12-20 01:56:31,362 - train(rank0) - INFO -     Mean_Intersection_over_Union_by_class: 
 0  background 90.83
 1  aeroplane 87.50
 2  bicycle 40.77
 3  bird 89.42
 4  boat 69.34
 5  bottle 77.72
 6  bus 92.36
 7  car 88.62
 8  cat 92.30
 9  chair 39.15
10  cow 80.70
11  diningtable 60.14
12  dog 87.53
13  horse 83.00
14  motorbike 84.61
15  person 85.22
16 *pottedplant 39.19
17 *sheep 65.87
18 *sofa 31.32
19 *train 73.79
20 *tvmonitor 50.60

2025-12-20 01:56:31,369 - train(rank0) - INFO - Epoch - 48
2025-12-20 01:56:37,917 - train(rank0) - INFO - lr[0]: 0.000025 / lr[1]: 0.000252 / lr[2]: 0.000252
2025-12-20 01:56:37,919 - train(rank0) - INFO - [0/22]
2025-12-20 01:56:41,039 - train(rank0) - INFO - [4/22]
2025-12-20 01:56:43,658 - train(rank0) - INFO - [8/22]
2025-12-20 01:56:46,289 - train(rank0) - INFO - [12/22]
2025-12-20 01:56:48,906 - train(rank0) - INFO - [16/22]
2025-12-20 01:56:51,621 - train(rank0) - INFO - [20/22]
2025-12-20 01:56:52,285 - train(rank0) - INFO -     epoch          : 48
2025-12-20 01:56:52,285 - train(rank0) - INFO -     loss           : 0.13314256072044373
2025-12-20 01:56:52,285 - train(rank0) - INFO -     loss_mbce      : 0.06422017971900376
2025-12-20 01:56:52,285 - train(rank0) - INFO -     loss_pkd       : 0.007667350357885219
2025-12-20 01:56:52,285 - train(rank0) - INFO -     loss_cont      : 0.06125503101132134
2025-12-20 01:56:52,285 - train(rank0) - INFO -     loss_bce_distill: 0.0
2025-12-20 01:56:52,285 - train(rank0) - INFO -     loss_old_step  : 0.0689223821867596
2025-12-20 01:56:52,285 - train(rank0) - INFO -     consistency_ratio: 1.0
2025-12-20 01:56:52,285 - train(rank0) - INFO -     loss_grad      : 0
2025-12-20 01:56:52,285 - train(rank0) - INFO -     loss_fake_legacy: 0.0035473276988010516
2025-12-20 01:56:52,286 - train(rank0) - INFO -     loss_fake_phase: 0.07742689786986871
2025-12-20 01:56:52,286 - train(rank0) - INFO -     num_fake_legacy: 127262.0
2025-12-20 01:56:52,286 - train(rank0) - INFO -     num_fake_phase : 107805.63636363637
2025-12-20 01:56:52,286 - train(rank0) - INFO - Number of test loader: 1449
2025-12-20 01:56:52,453 - train(rank0) - INFO - [0/1449]
2025-12-20 01:57:00,543 - train(rank0) - INFO - [289/1449]
2025-12-20 01:57:08,610 - train(rank0) - INFO - [578/1449]
2025-12-20 01:57:16,469 - train(rank0) - INFO - [867/1449]
2025-12-20 01:57:24,742 - train(rank0) - INFO - [1156/1449]
2025-12-20 01:57:32,531 - train(rank0) - INFO - [1445/1449]
2025-12-20 01:57:32,604 - train(rank0) - INFO - Test evaluation at epoch 48 (validate mode)
2025-12-20 01:57:32,605 - train(rank0) - INFO -     Pixel_Accuracy_old: 93.70
2025-12-20 01:57:32,605 - train(rank0) - INFO -     Pixel_Accuracy_new: 68.07172916024348
2025-12-20 01:57:32,605 - train(rank0) - INFO -     Pixel_Accuracy_harmonic: 78.85522967619805
2025-12-20 01:57:32,605 - train(rank0) - INFO -     Pixel_Accuracy_overall: 92.22
2025-12-20 01:57:32,605 - train(rank0) - INFO -     Pixel_Accuracy_Class_old: 90.21
2025-12-20 01:57:32,605 - train(rank0) - INFO -     Pixel_Accuracy_Class_new: 63.58217057260377
2025-12-20 01:57:32,605 - train(rank0) - INFO -     Pixel_Accuracy_Class_harmonic: 74.59182288540437
2025-12-20 01:57:32,605 - train(rank0) - INFO -     Pixel_Accuracy_Class_overall: 83.87
2025-12-20 01:57:32,605 - train(rank0) - INFO -     Pixel_Accuracy_Class_by_class: 
 0  background 94.23
 1  aeroplane 95.20
 2  bicycle 93.28
 3  bird 95.37
 4  boat 92.70
 5  bottle 91.64
 6  bus 95.78
 7  car 95.32
 8  cat 97.95
 9  chair 55.79
10  cow 90.27
11  diningtable 65.95
12  dog 96.85
13  horse 94.85
14  motorbike 93.73
15  person 94.51
16 *pottedplant 46.74
17 *sheep 69.19
18 *sofa 56.81
19 *train 86.45
20 *tvmonitor 58.72

2025-12-20 01:57:32,605 - train(rank0) - INFO -     Mean_Intersection_over_Union_old: 78.08
2025-12-20 01:57:32,605 - train(rank0) - INFO -     Mean_Intersection_over_Union_new: 52.13238327268507
2025-12-20 01:57:32,605 - train(rank0) - INFO -     Mean_Intersection_over_Union_harmonic: 62.51994516856139
2025-12-20 01:57:32,605 - train(rank0) - INFO -     Mean_Intersection_over_Union_overall: 71.90
2025-12-20 01:57:32,605 - train(rank0) - INFO -     Mean_Intersection_over_Union_by_class: 
 0  background 90.83
 1  aeroplane 87.49
 2  bicycle 40.77
 3  bird 89.41
 4  boat 69.37
 5  bottle 77.80
 6  bus 92.37
 7  car 88.61
 8  cat 92.31
 9  chair 39.16
10  cow 80.68
11  diningtable 60.10
12  dog 87.54
13  horse 82.98
14  motorbike 84.60
15  person 85.21
16 *pottedplant 39.19
17 *sheep 65.89
18 *sofa 31.33
19 *train 73.84
20 *tvmonitor 50.42

2025-12-20 01:57:32,610 - train(rank0) - INFO - Epoch - 49
2025-12-20 01:57:35,649 - train(rank0) - INFO - lr[0]: 0.000023 / lr[1]: 0.000234 / lr[2]: 0.000234
2025-12-20 01:57:35,649 - train(rank0) - INFO - [0/22]
2025-12-20 01:57:40,166 - train(rank0) - INFO - [4/22]
2025-12-20 01:57:42,759 - train(rank0) - INFO - [8/22]
2025-12-20 01:57:45,506 - train(rank0) - INFO - [12/22]
2025-12-20 01:57:48,127 - train(rank0) - INFO - [16/22]
2025-12-20 01:57:50,720 - train(rank0) - INFO - [20/22]
2025-12-20 01:57:51,387 - train(rank0) - INFO -     epoch          : 49
2025-12-20 01:57:51,388 - train(rank0) - INFO -     loss           : 0.13521663675254042
2025-12-20 01:57:51,388 - train(rank0) - INFO -     loss_mbce      : 0.06642153469676321
2025-12-20 01:57:51,388 - train(rank0) - INFO -     loss_pkd       : 0.0075377712941686196
2025-12-20 01:57:51,388 - train(rank0) - INFO -     loss_cont      : 0.06125732904130763
2025-12-20 01:57:51,388 - train(rank0) - INFO -     loss_bce_distill: 0.0
2025-12-20 01:57:51,388 - train(rank0) - INFO -     loss_old_step  : 0.06879510120912032
2025-12-20 01:57:51,388 - train(rank0) - INFO -     consistency_ratio: 1.0
2025-12-20 01:57:51,388 - train(rank0) - INFO -     loss_grad      : 0
2025-12-20 01:57:51,388 - train(rank0) - INFO -     loss_fake_legacy: 0.0036094203930009494
2025-12-20 01:57:51,388 - train(rank0) - INFO -     loss_fake_phase: 0.07622432336211205
2025-12-20 01:57:51,388 - train(rank0) - INFO -     num_fake_legacy: 127262.0
2025-12-20 01:57:51,388 - train(rank0) - INFO -     num_fake_phase : 107636.22727272728
2025-12-20 01:57:51,388 - train(rank0) - INFO - Number of test loader: 1449
2025-12-20 01:57:51,503 - train(rank0) - INFO - [0/1449]
2025-12-20 01:57:59,368 - train(rank0) - INFO - [289/1449]
2025-12-20 01:58:07,335 - train(rank0) - INFO - [578/1449]
2025-12-20 01:58:16,411 - train(rank0) - INFO - [867/1449]
2025-12-20 01:58:24,731 - train(rank0) - INFO - [1156/1449]
2025-12-20 01:58:33,577 - train(rank0) - INFO - [1445/1449]
2025-12-20 01:58:33,677 - train(rank0) - INFO - Test evaluation at epoch 49 (validate mode)
2025-12-20 01:58:33,678 - train(rank0) - INFO -     Pixel_Accuracy_old: 93.70
2025-12-20 01:58:33,678 - train(rank0) - INFO -     Pixel_Accuracy_new: 68.02782439217792
2025-12-20 01:58:33,678 - train(rank0) - INFO -     Pixel_Accuracy_harmonic: 78.82733477321027
2025-12-20 01:58:33,678 - train(rank0) - INFO -     Pixel_Accuracy_overall: 92.22
2025-12-20 01:58:33,678 - train(rank0) - INFO -     Pixel_Accuracy_Class_old: 90.22
2025-12-20 01:58:33,678 - train(rank0) - INFO -     Pixel_Accuracy_Class_new: 63.548493853276774
2025-12-20 01:58:33,678 - train(rank0) - INFO -     Pixel_Accuracy_Class_harmonic: 74.5695946286274
2025-12-20 01:58:33,678 - train(rank0) - INFO -     Pixel_Accuracy_Class_overall: 83.87
2025-12-20 01:58:33,678 - train(rank0) - INFO -     Pixel_Accuracy_Class_by_class: 
 0  background 94.24
 1  aeroplane 95.19
 2  bicycle 93.26
 3  bird 95.36
 4  boat 92.70
 5  bottle 91.63
 6  bus 95.78
 7  car 95.31
 8  cat 97.93
 9  chair 55.81
10  cow 90.34
11  diningtable 66.01
12  dog 96.84
13  horse 94.84
14  motorbike 93.70
15  person 94.51
16 *pottedplant 46.58
17 *sheep 69.22
18 *sofa 56.78
19 *train 86.33
20 *tvmonitor 58.83

2025-12-20 01:58:33,678 - train(rank0) - INFO -     Mean_Intersection_over_Union_old: 78.09
2025-12-20 01:58:33,678 - train(rank0) - INFO -     Mean_Intersection_over_Union_new: 52.13093249985476
2025-12-20 01:58:33,678 - train(rank0) - INFO -     Mean_Intersection_over_Union_harmonic: 62.5233067285446
2025-12-20 01:58:33,678 - train(rank0) - INFO -     Mean_Intersection_over_Union_overall: 71.91
2025-12-20 01:58:33,679 - train(rank0) - INFO -     Mean_Intersection_over_Union_by_class: 
 0  background 90.83
 1  aeroplane 87.52
 2  bicycle 40.78
 3  bird 89.41
 4  boat 69.38
 5  bottle 77.82
 6  bus 92.37
 7  car 88.59
 8  cat 92.34
 9  chair 39.12
10  cow 80.74
11  diningtable 60.14
12  dog 87.54
13  horse 83.04
14  motorbike 84.60
15  person 85.22
16 *pottedplant 39.09
17 *sheep 65.91
18 *sofa 31.28
19 *train 73.89
20 *tvmonitor 50.48

2025-12-20 01:58:33,685 - train(rank0) - INFO - Epoch - 50
2025-12-20 01:58:37,546 - train(rank0) - INFO - lr[0]: 0.000022 / lr[1]: 0.000216 / lr[2]: 0.000216
2025-12-20 01:58:37,553 - train(rank0) - INFO - [0/22]
2025-12-20 01:58:41,784 - train(rank0) - INFO - [4/22]
2025-12-20 01:58:44,515 - train(rank0) - INFO - [8/22]
2025-12-20 01:58:47,167 - train(rank0) - INFO - [12/22]
2025-12-20 01:58:49,819 - train(rank0) - INFO - [16/22]
2025-12-20 01:58:52,510 - train(rank0) - INFO - [20/22]
2025-12-20 01:58:53,145 - train(rank0) - INFO -     epoch          : 50
2025-12-20 01:58:53,145 - train(rank0) - INFO -     loss           : 0.13230798935348337
2025-12-20 01:58:53,145 - train(rank0) - INFO -     loss_mbce      : 0.063926062123342
2025-12-20 01:58:53,145 - train(rank0) - INFO -     loss_pkd       : 0.007481847106563774
2025-12-20 01:58:53,145 - train(rank0) - INFO -     loss_cont      : 0.06090007776563819
2025-12-20 01:58:53,145 - train(rank0) - INFO -     loss_bce_distill: 0.0
2025-12-20 01:58:53,145 - train(rank0) - INFO -     loss_old_step  : 0.06838192621415312
2025-12-20 01:58:53,145 - train(rank0) - INFO -     consistency_ratio: 1.0
2025-12-20 01:58:53,145 - train(rank0) - INFO -     loss_grad      : 0
2025-12-20 01:58:53,145 - train(rank0) - INFO -     loss_fake_legacy: 0.0035688148345798254
2025-12-20 01:58:53,146 - train(rank0) - INFO -     loss_fake_phase: 0.07626072486693208
2025-12-20 01:58:53,146 - train(rank0) - INFO -     num_fake_legacy: 127262.0
2025-12-20 01:58:53,146 - train(rank0) - INFO -     num_fake_phase : 106227.18181818182
2025-12-20 01:58:53,146 - train(rank0) - INFO - Number of test loader: 1449
2025-12-20 01:58:53,264 - train(rank0) - INFO - [0/1449]
2025-12-20 01:59:01,330 - train(rank0) - INFO - [289/1449]
2025-12-20 01:59:09,796 - train(rank0) - INFO - [578/1449]
2025-12-20 01:59:17,710 - train(rank0) - INFO - [867/1449]
2025-12-20 01:59:25,515 - train(rank0) - INFO - [1156/1449]
2025-12-20 01:59:34,697 - train(rank0) - INFO - [1445/1449]
2025-12-20 01:59:34,771 - train(rank0) - INFO - Test evaluation at epoch 50 (validate mode)
2025-12-20 01:59:34,771 - train(rank0) - INFO -     Pixel_Accuracy_old: 93.70
2025-12-20 01:59:34,771 - train(rank0) - INFO -     Pixel_Accuracy_new: 68.05037807853455
2025-12-20 01:59:34,771 - train(rank0) - INFO -     Pixel_Accuracy_harmonic: 78.84165463767292
2025-12-20 01:59:34,772 - train(rank0) - INFO -     Pixel_Accuracy_overall: 92.22
2025-12-20 01:59:34,772 - train(rank0) - INFO -     Pixel_Accuracy_Class_old: 90.23
2025-12-20 01:59:34,772 - train(rank0) - INFO -     Pixel_Accuracy_Class_new: 63.57343814546506
2025-12-20 01:59:34,772 - train(rank0) - INFO -     Pixel_Accuracy_Class_harmonic: 74.59314848504656
2025-12-20 01:59:34,772 - train(rank0) - INFO -     Pixel_Accuracy_Class_overall: 83.89
2025-12-20 01:59:34,772 - train(rank0) - INFO -     Pixel_Accuracy_Class_by_class: 
 0  background 94.23
 1  aeroplane 95.25
 2  bicycle 93.30
 3  bird 95.38
 4  boat 92.71
 5  bottle 91.74
 6  bus 95.82
 7  car 95.32
 8  cat 97.95
 9  chair 55.81
10  cow 90.30
11  diningtable 65.99
12  dog 96.86
13  horse 94.85
14  motorbike 93.75
15  person 94.51
16 *pottedplant 46.78
17 *sheep 69.25
18 *sofa 56.57
19 *train 86.52
20 *tvmonitor 58.75

2025-12-20 01:59:34,772 - train(rank0) - INFO -     Mean_Intersection_over_Union_old: 78.07
2025-12-20 01:59:34,772 - train(rank0) - INFO -     Mean_Intersection_over_Union_new: 52.13958764177024
2025-12-20 01:59:34,772 - train(rank0) - INFO -     Mean_Intersection_over_Union_harmonic: 62.52324910310277
2025-12-20 01:59:34,772 - train(rank0) - INFO -     Mean_Intersection_over_Union_overall: 71.90
2025-12-20 01:59:34,772 - train(rank0) - INFO -     Mean_Intersection_over_Union_by_class: 
 0  background 90.83
 1  aeroplane 87.45
 2  bicycle 40.76
 3  bird 89.41
 4  boat 69.37
 5  bottle 77.79
 6  bus 92.36
 7  car 88.59
 8  cat 92.32
 9  chair 39.11
10  cow 80.70
11  diningtable 60.11
12  dog 87.53
13  horse 82.99
14  motorbike 84.59
15  person 85.21
16 *pottedplant 39.16
17 *sheep 65.94
18 *sofa 31.29
19 *train 73.90
20 *tvmonitor 50.41

2025-12-20 01:59:34,777 - train(rank0) - INFO - Epoch - 51
2025-12-20 01:59:37,579 - train(rank0) - INFO - lr[0]: 0.000020 / lr[1]: 0.000199 / lr[2]: 0.000199
2025-12-20 01:59:37,580 - train(rank0) - INFO - [0/22]
2025-12-20 01:59:41,258 - train(rank0) - INFO - [4/22]
2025-12-20 01:59:44,107 - train(rank0) - INFO - [8/22]
2025-12-20 01:59:46,707 - train(rank0) - INFO - [12/22]
2025-12-20 01:59:49,470 - train(rank0) - INFO - [16/22]
2025-12-20 01:59:52,233 - train(rank0) - INFO - [20/22]
2025-12-20 01:59:52,882 - train(rank0) - INFO -     epoch          : 51
2025-12-20 01:59:52,882 - train(rank0) - INFO -     loss           : 0.13332162899049846
2025-12-20 01:59:52,882 - train(rank0) - INFO -     loss_mbce      : 0.06413363512944091
2025-12-20 01:59:52,883 - train(rank0) - INFO -     loss_pkd       : 0.008242161354494536
2025-12-20 01:59:52,883 - train(rank0) - INFO -     loss_cont      : 0.06094583191654899
2025-12-20 01:59:52,883 - train(rank0) - INFO -     loss_bce_distill: 0.0
2025-12-20 01:59:52,883 - train(rank0) - INFO -     loss_old_step  : 0.06918799504637718
2025-12-20 01:59:52,883 - train(rank0) - INFO -     consistency_ratio: 1.0
2025-12-20 01:59:52,883 - train(rank0) - INFO -     loss_grad      : 0
2025-12-20 01:59:52,883 - train(rank0) - INFO -     loss_fake_legacy: 0.0035906634505160832
2025-12-20 01:59:52,883 - train(rank0) - INFO -     loss_fake_phase: 0.07719420607794415
2025-12-20 01:59:52,883 - train(rank0) - INFO -     num_fake_legacy: 127262.0
2025-12-20 01:59:52,883 - train(rank0) - INFO -     num_fake_phase : 106922.27272727272
2025-12-20 01:59:52,883 - train(rank0) - INFO - Number of test loader: 1449
2025-12-20 01:59:53,050 - train(rank0) - INFO - [0/1449]
2025-12-20 02:00:01,252 - train(rank0) - INFO - [289/1449]
2025-12-20 02:00:09,256 - train(rank0) - INFO - [578/1449]
2025-12-20 02:00:18,730 - train(rank0) - INFO - [867/1449]
2025-12-20 02:00:26,623 - train(rank0) - INFO - [1156/1449]
2025-12-20 02:00:34,478 - train(rank0) - INFO - [1445/1449]
2025-12-20 02:00:34,556 - train(rank0) - INFO - Test evaluation at epoch 51 (validate mode)
2025-12-20 02:00:34,556 - train(rank0) - INFO -     Pixel_Accuracy_old: 93.71
2025-12-20 02:00:34,556 - train(rank0) - INFO -     Pixel_Accuracy_new: 67.92536538572138
2025-12-20 02:00:34,556 - train(rank0) - INFO -     Pixel_Accuracy_harmonic: 78.76084354707567
2025-12-20 02:00:34,556 - train(rank0) - INFO -     Pixel_Accuracy_overall: 92.22
2025-12-20 02:00:34,556 - train(rank0) - INFO -     Pixel_Accuracy_Class_old: 90.23
2025-12-20 02:00:34,556 - train(rank0) - INFO -     Pixel_Accuracy_Class_new: 63.434944871221276
2025-12-20 02:00:34,556 - train(rank0) - INFO -     Pixel_Accuracy_Class_harmonic: 74.4959758350402
2025-12-20 02:00:34,556 - train(rank0) - INFO -     Pixel_Accuracy_Class_overall: 83.85
2025-12-20 02:00:34,556 - train(rank0) - INFO -     Pixel_Accuracy_Class_by_class: 
 0  background 94.25
 1  aeroplane 95.18
 2  bicycle 93.29
 3  bird 95.36
 4  boat 92.72
 5  bottle 91.77
 6  bus 95.79
 7  car 95.31
 8  cat 97.94
 9  chair 55.80
10  cow 90.28
11  diningtable 66.02
12  dog 96.86
13  horse 94.85
14  motorbike 93.73
15  person 94.52
16 *pottedplant 46.72
17 *sheep 69.22
18 *sofa 56.52
19 *train 86.39
20 *tvmonitor 58.31

2025-12-20 02:00:34,557 - train(rank0) - INFO -     Mean_Intersection_over_Union_old: 78.07
2025-12-20 02:00:34,557 - train(rank0) - INFO -     Mean_Intersection_over_Union_new: 52.09981946773522
2025-12-20 02:00:34,557 - train(rank0) - INFO -     Mean_Intersection_over_Union_harmonic: 62.4937128916786
2025-12-20 02:00:34,557 - train(rank0) - INFO -     Mean_Intersection_over_Union_overall: 71.89
2025-12-20 02:00:34,557 - train(rank0) - INFO -     Mean_Intersection_over_Union_by_class: 
 0  background 90.83
 1  aeroplane 87.45
 2  bicycle 40.76
 3  bird 89.41
 4  boat 69.33
 5  bottle 77.77
 6  bus 92.35
 7  car 88.59
 8  cat 92.32
 9  chair 39.12
10  cow 80.70
11  diningtable 60.14
12  dog 87.51
13  horse 83.01
14  motorbike 84.60
15  person 85.20
16 *pottedplant 39.12
17 *sheep 65.91
18 *sofa 31.27
19 *train 73.95
20 *tvmonitor 50.25

2025-12-20 02:00:34,562 - train(rank0) - INFO - Epoch - 52
2025-12-20 02:00:37,662 - train(rank0) - INFO - lr[0]: 0.000018 / lr[1]: 0.000181 / lr[2]: 0.000181
2025-12-20 02:00:37,662 - train(rank0) - INFO - [0/22]
2025-12-20 02:00:42,070 - train(rank0) - INFO - [4/22]
2025-12-20 02:00:44,722 - train(rank0) - INFO - [8/22]
2025-12-20 02:00:47,384 - train(rank0) - INFO - [12/22]
2025-12-20 02:00:50,009 - train(rank0) - INFO - [16/22]
2025-12-20 02:00:52,632 - train(rank0) - INFO - [20/22]
2025-12-20 02:00:53,295 - train(rank0) - INFO -     epoch          : 52
2025-12-20 02:00:53,295 - train(rank0) - INFO -     loss           : 0.1335537904365496
2025-12-20 02:00:53,295 - train(rank0) - INFO -     loss_mbce      : 0.06453892571682279
2025-12-20 02:00:53,295 - train(rank0) - INFO -     loss_pkd       : 0.0083630652542607
2025-12-20 02:00:53,296 - train(rank0) - INFO -     loss_cont      : 0.06065179732712833
2025-12-20 02:00:53,296 - train(rank0) - INFO -     loss_bce_distill: 0.0
2025-12-20 02:00:53,296 - train(rank0) - INFO -     loss_old_step  : 0.06901486251841892
2025-12-20 02:00:53,296 - train(rank0) - INFO -     consistency_ratio: 1.0
2025-12-20 02:00:53,296 - train(rank0) - INFO -     loss_grad      : 0
2025-12-20 02:00:53,296 - train(rank0) - INFO -     loss_fake_legacy: 0.0035849828061393714
2025-12-20 02:00:53,296 - train(rank0) - INFO -     loss_fake_phase: 0.07466750422661955
2025-12-20 02:00:53,296 - train(rank0) - INFO -     num_fake_legacy: 127262.0
2025-12-20 02:00:53,296 - train(rank0) - INFO -     num_fake_phase : 106415.72727272728
2025-12-20 02:00:53,296 - train(rank0) - INFO - Number of test loader: 1449
2025-12-20 02:00:53,454 - train(rank0) - INFO - [0/1449]
2025-12-20 02:01:01,803 - train(rank0) - INFO - [289/1449]
2025-12-20 02:01:09,940 - train(rank0) - INFO - [578/1449]
2025-12-20 02:01:17,798 - train(rank0) - INFO - [867/1449]
2025-12-20 02:01:26,393 - train(rank0) - INFO - [1156/1449]
2025-12-20 02:01:34,788 - train(rank0) - INFO - [1445/1449]
2025-12-20 02:01:34,861 - train(rank0) - INFO - Test evaluation at epoch 52 (validate mode)
2025-12-20 02:01:34,861 - train(rank0) - INFO -     Pixel_Accuracy_old: 93.70
2025-12-20 02:01:34,861 - train(rank0) - INFO -     Pixel_Accuracy_new: 68.03024414911017
2025-12-20 02:01:34,861 - train(rank0) - INFO -     Pixel_Accuracy_harmonic: 78.82884146302196
2025-12-20 02:01:34,861 - train(rank0) - INFO -     Pixel_Accuracy_overall: 92.22
2025-12-20 02:01:34,861 - train(rank0) - INFO -     Pixel_Accuracy_Class_old: 90.23
2025-12-20 02:01:34,861 - train(rank0) - INFO -     Pixel_Accuracy_Class_new: 63.58477074467204
2025-12-20 02:01:34,861 - train(rank0) - INFO -     Pixel_Accuracy_Class_harmonic: 74.60111518471847
2025-12-20 02:01:34,861 - train(rank0) - INFO -     Pixel_Accuracy_Class_overall: 83.89
2025-12-20 02:01:34,862 - train(rank0) - INFO -     Pixel_Accuracy_Class_by_class: 
 0  background 94.23
 1  aeroplane 95.18
 2  bicycle 93.28
 3  bird 95.37
 4  boat 92.72
 5  bottle 91.80
 6  bus 95.73
 7  car 95.31
 8  cat 97.94
 9  chair 55.91
10  cow 90.30
11  diningtable 65.99
12  dog 96.85
13  horse 94.86
14  motorbike 93.76
15  person 94.53
16 *pottedplant 46.86
17 *sheep 69.24
18 *sofa 56.50
19 *train 86.43
20 *tvmonitor 58.89

2025-12-20 02:01:34,862 - train(rank0) - INFO -     Mean_Intersection_over_Union_old: 78.07
2025-12-20 02:01:34,862 - train(rank0) - INFO -     Mean_Intersection_over_Union_new: 52.16440536467023
2025-12-20 02:01:34,862 - train(rank0) - INFO -     Mean_Intersection_over_Union_harmonic: 62.53928909360316
2025-12-20 02:01:34,862 - train(rank0) - INFO -     Mean_Intersection_over_Union_overall: 71.90
2025-12-20 02:01:34,862 - train(rank0) - INFO -     Mean_Intersection_over_Union_by_class: 
 0  background 90.83
 1  aeroplane 87.43
 2  bicycle 40.75
 3  bird 89.41
 4  boat 69.31
 5  bottle 77.79
 6  bus 92.35
 7  car 88.61
 8  cat 92.31
 9  chair 39.14
10  cow 80.69
11  diningtable 60.12
12  dog 87.52
13  horse 83.00
14  motorbike 84.61
15  person 85.19
16 *pottedplant 39.20
17 *sheep 65.91
18 *sofa 31.28
19 *train 73.94
20 *tvmonitor 50.48

2025-12-20 02:01:34,867 - train(rank0) - INFO - Epoch - 53
2025-12-20 02:01:37,875 - train(rank0) - INFO - lr[0]: 0.000016 / lr[1]: 0.000162 / lr[2]: 0.000162
2025-12-20 02:01:37,876 - train(rank0) - INFO - [0/22]
2025-12-20 02:01:42,630 - train(rank0) - INFO - [4/22]
2025-12-20 02:01:45,380 - train(rank0) - INFO - [8/22]
2025-12-20 02:01:47,952 - train(rank0) - INFO - [12/22]
2025-12-20 02:01:50,598 - train(rank0) - INFO - [16/22]
2025-12-20 02:01:53,206 - train(rank0) - INFO - [20/22]
2025-12-20 02:01:53,871 - train(rank0) - INFO -     epoch          : 53
2025-12-20 02:01:53,872 - train(rank0) - INFO -     loss           : 0.13539148088205943
2025-12-20 02:01:53,872 - train(rank0) - INFO -     loss_mbce      : 0.06655184653672305
2025-12-20 02:01:53,872 - train(rank0) - INFO -     loss_pkd       : 0.007955288932531734
2025-12-20 02:01:53,872 - train(rank0) - INFO -     loss_cont      : 0.0608843448487195
2025-12-20 02:01:53,872 - train(rank0) - INFO -     loss_bce_distill: 0.0
2025-12-20 02:01:53,872 - train(rank0) - INFO -     loss_old_step  : 0.06883963400667364
2025-12-20 02:01:53,872 - train(rank0) - INFO -     consistency_ratio: 1.0
2025-12-20 02:01:53,872 - train(rank0) - INFO -     loss_grad      : 0
2025-12-20 02:01:53,872 - train(rank0) - INFO -     loss_fake_legacy: 0.0035861308834600177
2025-12-20 02:01:53,872 - train(rank0) - INFO -     loss_fake_phase: 0.07447955012321472
2025-12-20 02:01:53,872 - train(rank0) - INFO -     num_fake_legacy: 127262.0
2025-12-20 02:01:53,872 - train(rank0) - INFO -     num_fake_phase : 108436.45454545454
2025-12-20 02:01:53,873 - train(rank0) - INFO - Number of test loader: 1449
2025-12-20 02:01:53,991 - train(rank0) - INFO - [0/1449]
2025-12-20 02:02:01,913 - train(rank0) - INFO - [289/1449]
2025-12-20 02:02:09,683 - train(rank0) - INFO - [578/1449]
2025-12-20 02:02:18,933 - train(rank0) - INFO - [867/1449]
2025-12-20 02:02:26,850 - train(rank0) - INFO - [1156/1449]
2025-12-20 02:02:34,747 - train(rank0) - INFO - [1445/1449]
2025-12-20 02:02:34,821 - train(rank0) - INFO - Test evaluation at epoch 53 (validate mode)
2025-12-20 02:02:34,821 - train(rank0) - INFO -     Pixel_Accuracy_old: 93.68
2025-12-20 02:02:34,821 - train(rank0) - INFO -     Pixel_Accuracy_new: 68.24069026403282
2025-12-20 02:02:34,821 - train(rank0) - INFO -     Pixel_Accuracy_harmonic: 78.9635977547245
2025-12-20 02:02:34,821 - train(rank0) - INFO -     Pixel_Accuracy_overall: 92.22
2025-12-20 02:02:34,821 - train(rank0) - INFO -     Pixel_Accuracy_Class_old: 90.25
2025-12-20 02:02:34,821 - train(rank0) - INFO -     Pixel_Accuracy_Class_new: 63.83267190411834
2025-12-20 02:02:34,821 - train(rank0) - INFO -     Pixel_Accuracy_Class_harmonic: 74.77765103801258
2025-12-20 02:02:34,822 - train(rank0) - INFO -     Pixel_Accuracy_Class_overall: 83.96
2025-12-20 02:02:34,822 - train(rank0) - INFO -     Pixel_Accuracy_Class_by_class: 
 0  background 94.20
 1  aeroplane 95.24
 2  bicycle 93.32
 3  bird 95.37
 4  boat 92.73
 5  bottle 92.10
 6  bus 95.84
 7  car 95.34
 8  cat 97.95
 9  chair 55.71
10  cow 90.30
11  diningtable 65.97
12  dog 96.86
13  horse 94.85
14  motorbike 93.75
15  person 94.52
16 *pottedplant 47.04
17 *sheep 69.19
18 *sofa 56.71
19 *train 86.54
20 *tvmonitor 59.69

2025-12-20 02:02:34,822 - train(rank0) - INFO -     Mean_Intersection_over_Union_old: 78.05
2025-12-20 02:02:34,822 - train(rank0) - INFO -     Mean_Intersection_over_Union_new: 52.262098940062934
2025-12-20 02:02:34,822 - train(rank0) - INFO -     Mean_Intersection_over_Union_harmonic: 62.60554010309341
2025-12-20 02:02:34,822 - train(rank0) - INFO -     Mean_Intersection_over_Union_overall: 71.91
2025-12-20 02:02:34,822 - train(rank0) - INFO -     Mean_Intersection_over_Union_by_class: 
 0  background 90.82
 1  aeroplane 87.40
 2  bicycle 40.73
 3  bird 89.41
 4  boat 69.31
 5  bottle 77.71
 6  bus 92.40
 7  car 88.55
 8  cat 92.30
 9  chair 39.14
10  cow 80.69
11  diningtable 60.10
12  dog 87.51
13  horse 83.00
14  motorbike 84.58
15  person 85.20
16 *pottedplant 39.22
17 *sheep 65.90
18 *sofa 31.33
19 *train 74.13
20 *tvmonitor 50.73

2025-12-20 02:02:34,827 - train(rank0) - INFO - Epoch - 54
2025-12-20 02:02:38,766 - train(rank0) - INFO - lr[0]: 0.000014 / lr[1]: 0.000144 / lr[2]: 0.000144
2025-12-20 02:02:38,766 - train(rank0) - INFO - [0/22]
2025-12-20 02:02:43,605 - train(rank0) - INFO - [4/22]
2025-12-20 02:02:46,598 - train(rank0) - INFO - [8/22]
2025-12-20 02:02:49,292 - train(rank0) - INFO - [12/22]
2025-12-20 02:02:51,894 - train(rank0) - INFO - [16/22]
2025-12-20 02:02:54,528 - train(rank0) - INFO - [20/22]
2025-12-20 02:02:55,190 - train(rank0) - INFO -     epoch          : 54
2025-12-20 02:02:55,190 - train(rank0) - INFO -     loss           : 0.13442541354081847
2025-12-20 02:02:55,190 - train(rank0) - INFO -     loss_mbce      : 0.06623308970169588
2025-12-20 02:02:55,190 - train(rank0) - INFO -     loss_pkd       : 0.007646169463193722
2025-12-20 02:02:55,190 - train(rank0) - INFO -     loss_cont      : 0.060546153512868024
2025-12-20 02:02:55,190 - train(rank0) - INFO -     loss_bce_distill: 0.0
2025-12-20 02:02:55,190 - train(rank0) - INFO -     loss_old_step  : 0.06819232485511086
2025-12-20 02:02:55,190 - train(rank0) - INFO -     consistency_ratio: 1.0
2025-12-20 02:02:55,190 - train(rank0) - INFO -     loss_grad      : 0
2025-12-20 02:02:55,190 - train(rank0) - INFO -     loss_fake_legacy: 0.0036447614600712604
2025-12-20 02:02:55,191 - train(rank0) - INFO -     loss_fake_phase: 0.07564048587598583
2025-12-20 02:02:55,191 - train(rank0) - INFO -     num_fake_legacy: 127262.0
2025-12-20 02:02:55,191 - train(rank0) - INFO -     num_fake_phase : 106734.81818181818
2025-12-20 02:02:55,191 - train(rank0) - INFO - Number of test loader: 1449
2025-12-20 02:02:55,328 - train(rank0) - INFO - [0/1449]
2025-12-20 02:03:03,303 - train(rank0) - INFO - [289/1449]
2025-12-20 02:03:13,179 - train(rank0) - INFO - [578/1449]
2025-12-20 02:03:21,014 - train(rank0) - INFO - [867/1449]
2025-12-20 02:03:28,806 - train(rank0) - INFO - [1156/1449]
2025-12-20 02:03:37,555 - train(rank0) - INFO - [1445/1449]
2025-12-20 02:03:37,628 - train(rank0) - INFO - Test evaluation at epoch 54 (validate mode)
2025-12-20 02:03:37,628 - train(rank0) - INFO -     Pixel_Accuracy_old: 93.69
2025-12-20 02:03:37,628 - train(rank0) - INFO -     Pixel_Accuracy_new: 68.23501183644227
2025-12-20 02:03:37,629 - train(rank0) - INFO -     Pixel_Accuracy_harmonic: 78.96068022864934
2025-12-20 02:03:37,629 - train(rank0) - INFO -     Pixel_Accuracy_overall: 92.22
2025-12-20 02:03:37,629 - train(rank0) - INFO -     Pixel_Accuracy_Class_old: 90.24
2025-12-20 02:03:37,629 - train(rank0) - INFO -     Pixel_Accuracy_Class_new: 63.836121419471695
2025-12-20 02:03:37,629 - train(rank0) - INFO -     Pixel_Accuracy_Class_harmonic: 74.77724971415024
2025-12-20 02:03:37,629 - train(rank0) - INFO -     Pixel_Accuracy_Class_overall: 83.96
2025-12-20 02:03:37,629 - train(rank0) - INFO -     Pixel_Accuracy_Class_by_class: 
 0  background 94.21
 1  aeroplane 95.23
 2  bicycle 93.30
 3  bird 95.37
 4  boat 92.72
 5  bottle 91.91
 6  bus 95.80
 7  car 95.33
 8  cat 97.95
 9  chair 55.82
10  cow 90.30
11  diningtable 65.98
12  dog 96.85
13  horse 94.86
14  motorbike 93.77
15  person 94.51
16 *pottedplant 47.02
17 *sheep 69.27
18 *sofa 56.59
19 *train 86.56
20 *tvmonitor 59.75

2025-12-20 02:03:37,629 - train(rank0) - INFO -     Mean_Intersection_over_Union_old: 78.06
2025-12-20 02:03:37,629 - train(rank0) - INFO -     Mean_Intersection_over_Union_new: 52.249906877216084
2025-12-20 02:03:37,629 - train(rank0) - INFO -     Mean_Intersection_over_Union_harmonic: 62.59995555888773
2025-12-20 02:03:37,629 - train(rank0) - INFO -     Mean_Intersection_over_Union_overall: 71.92
2025-12-20 02:03:37,629 - train(rank0) - INFO -     Mean_Intersection_over_Union_by_class: 
 0  background 90.82
 1  aeroplane 87.43
 2  bicycle 40.74
 3  bird 89.40
 4  boat 69.34
 5  bottle 77.77
 6  bus 92.39
 7  car 88.56
 8  cat 92.30
 9  chair 39.13
10  cow 80.70
11  diningtable 60.12
12  dog 87.52
13  horse 82.99
14  motorbike 84.59
15  person 85.20
16 *pottedplant 39.23
17 *sheep 65.95
18 *sofa 31.30
19 *train 74.02
20 *tvmonitor 50.75

2025-12-20 02:03:37,634 - train(rank0) - INFO - Epoch - 55
2025-12-20 02:03:40,628 - train(rank0) - INFO - lr[0]: 0.000013 / lr[1]: 0.000125 / lr[2]: 0.000125
2025-12-20 02:03:40,629 - train(rank0) - INFO - [0/22]
2025-12-20 02:03:45,134 - train(rank0) - INFO - [4/22]
2025-12-20 02:03:47,884 - train(rank0) - INFO - [8/22]
2025-12-20 02:03:50,495 - train(rank0) - INFO - [12/22]
2025-12-20 02:03:53,163 - train(rank0) - INFO - [16/22]
2025-12-20 02:03:55,732 - train(rank0) - INFO - [20/22]
2025-12-20 02:03:56,400 - train(rank0) - INFO -     epoch          : 55
2025-12-20 02:03:56,401 - train(rank0) - INFO -     loss           : 0.1344231783666394
2025-12-20 02:03:56,401 - train(rank0) - INFO -     loss_mbce      : 0.06529141640798612
2025-12-20 02:03:56,401 - train(rank0) - INFO -     loss_pkd       : 0.008005781736838717
2025-12-20 02:03:56,401 - train(rank0) - INFO -     loss_cont      : 0.061125979369336905
2025-12-20 02:03:56,401 - train(rank0) - INFO -     loss_bce_distill: 0.0
2025-12-20 02:03:56,401 - train(rank0) - INFO -     loss_old_step  : 0.06913176246664741
2025-12-20 02:03:56,401 - train(rank0) - INFO -     consistency_ratio: 1.0
2025-12-20 02:03:56,401 - train(rank0) - INFO -     loss_grad      : 0
2025-12-20 02:03:56,401 - train(rank0) - INFO -     loss_fake_legacy: 0.0035891756097870793
2025-12-20 02:03:56,401 - train(rank0) - INFO -     loss_fake_phase: 0.07507027279246938
2025-12-20 02:03:56,401 - train(rank0) - INFO -     num_fake_legacy: 127262.0
2025-12-20 02:03:56,401 - train(rank0) - INFO -     num_fake_phase : 106506.77272727272
2025-12-20 02:03:56,402 - train(rank0) - INFO - Number of test loader: 1449
2025-12-20 02:03:56,599 - train(rank0) - INFO - [0/1449]
2025-12-20 02:04:05,080 - train(rank0) - INFO - [289/1449]
2025-12-20 02:04:12,913 - train(rank0) - INFO - [578/1449]
2025-12-20 02:04:20,919 - train(rank0) - INFO - [867/1449]
2025-12-20 02:04:29,951 - train(rank0) - INFO - [1156/1449]
2025-12-20 02:04:37,796 - train(rank0) - INFO - [1445/1449]
2025-12-20 02:04:37,874 - train(rank0) - INFO - Test evaluation at epoch 55 (validate mode)
2025-12-20 02:04:37,874 - train(rank0) - INFO -     Pixel_Accuracy_old: 93.70
2025-12-20 02:04:37,874 - train(rank0) - INFO -     Pixel_Accuracy_new: 68.06332062613417
2025-12-20 02:04:37,874 - train(rank0) - INFO -     Pixel_Accuracy_harmonic: 78.84981342501047
2025-12-20 02:04:37,875 - train(rank0) - INFO -     Pixel_Accuracy_overall: 92.22
2025-12-20 02:04:37,875 - train(rank0) - INFO -     Pixel_Accuracy_Class_old: 90.23
2025-12-20 02:04:37,875 - train(rank0) - INFO -     Pixel_Accuracy_Class_new: 63.58617097464467
2025-12-20 02:04:37,875 - train(rank0) - INFO -     Pixel_Accuracy_Class_harmonic: 74.59877655770741
2025-12-20 02:04:37,875 - train(rank0) - INFO -     Pixel_Accuracy_Class_overall: 83.88
2025-12-20 02:04:37,875 - train(rank0) - INFO -     Pixel_Accuracy_Class_by_class: 
 0  background 94.23
 1  aeroplane 95.21
 2  bicycle 93.29
 3  bird 95.36
 4  boat 92.73
 5  bottle 91.78
 6  bus 95.78
 7  car 95.33
 8  cat 97.96
 9  chair 55.77
10  cow 90.25
11  diningtable 65.94
12  dog 96.85
13  horse 94.85
14  motorbike 93.76
15  person 94.52
16 *pottedplant 46.91
17 *sheep 69.26
18 *sofa 56.56
19 *train 86.56
20 *tvmonitor 58.63

2025-12-20 02:04:37,875 - train(rank0) - INFO -     Mean_Intersection_over_Union_old: 78.07
2025-12-20 02:04:37,875 - train(rank0) - INFO -     Mean_Intersection_over_Union_new: 52.12682266775863
2025-12-20 02:04:37,875 - train(rank0) - INFO -     Mean_Intersection_over_Union_harmonic: 62.51262268425588
2025-12-20 02:04:37,875 - train(rank0) - INFO -     Mean_Intersection_over_Union_overall: 71.89
2025-12-20 02:04:37,875 - train(rank0) - INFO -     Mean_Intersection_over_Union_by_class: 
 0  background 90.83
 1  aeroplane 87.44
 2  bicycle 40.76
 3  bird 89.41
 4  boat 69.33
 5  bottle 77.80
 6  bus 92.37
 7  car 88.57
 8  cat 92.31
 9  chair 39.14
10  cow 80.68
11  diningtable 60.11
12  dog 87.54
13  horse 82.99
14  motorbike 84.60
15  person 85.20
16 *pottedplant 39.19
17 *sheep 65.92
18 *sofa 31.31
19 *train 73.92
20 *tvmonitor 50.30

2025-12-20 02:04:37,880 - train(rank0) - INFO - Epoch - 56
2025-12-20 02:04:41,044 - train(rank0) - INFO - lr[0]: 0.000011 / lr[1]: 0.000106 / lr[2]: 0.000106
2025-12-20 02:04:41,045 - train(rank0) - INFO - [0/22]
2025-12-20 02:04:44,295 - train(rank0) - INFO - [4/22]
2025-12-20 02:04:47,146 - train(rank0) - INFO - [8/22]
2025-12-20 02:04:49,753 - train(rank0) - INFO - [12/22]
2025-12-20 02:04:52,376 - train(rank0) - INFO - [16/22]
2025-12-20 02:04:55,025 - train(rank0) - INFO - [20/22]
2025-12-20 02:04:55,687 - train(rank0) - INFO -     epoch          : 56
2025-12-20 02:04:55,688 - train(rank0) - INFO -     loss           : 0.13457297669215637
2025-12-20 02:04:55,688 - train(rank0) - INFO -     loss_mbce      : 0.06588013622571122
2025-12-20 02:04:55,688 - train(rank0) - INFO -     loss_pkd       : 0.007939090653301471
2025-12-20 02:04:55,688 - train(rank0) - INFO -     loss_cont      : 0.06075374998829583
2025-12-20 02:04:55,688 - train(rank0) - INFO -     loss_bce_distill: 0.0
2025-12-20 02:04:55,688 - train(rank0) - INFO -     loss_old_step  : 0.06869284097443927
2025-12-20 02:04:55,688 - train(rank0) - INFO -     consistency_ratio: 1.0
2025-12-20 02:04:55,688 - train(rank0) - INFO -     loss_grad      : 0
2025-12-20 02:04:55,688 - train(rank0) - INFO -     loss_fake_legacy: 0.003578802507201379
2025-12-20 02:04:55,688 - train(rank0) - INFO -     loss_fake_phase: 0.07446752285415476
2025-12-20 02:04:55,688 - train(rank0) - INFO -     num_fake_legacy: 127262.0
2025-12-20 02:04:55,688 - train(rank0) - INFO -     num_fake_phase : 106668.0
2025-12-20 02:04:55,688 - train(rank0) - INFO - Number of test loader: 1449
2025-12-20 02:04:55,809 - train(rank0) - INFO - [0/1449]
2025-12-20 02:05:03,791 - train(rank0) - INFO - [289/1449]
2025-12-20 02:05:12,973 - train(rank0) - INFO - [578/1449]
2025-12-20 02:05:21,184 - train(rank0) - INFO - [867/1449]
2025-12-20 02:05:29,035 - train(rank0) - INFO - [1156/1449]
2025-12-20 02:05:37,231 - train(rank0) - INFO - [1445/1449]
2025-12-20 02:05:37,304 - train(rank0) - INFO - Test evaluation at epoch 56 (validate mode)
2025-12-20 02:05:37,304 - train(rank0) - INFO -     Pixel_Accuracy_old: 93.69
2025-12-20 02:05:37,304 - train(rank0) - INFO -     Pixel_Accuracy_new: 68.16850488989718
2025-12-20 02:05:37,305 - train(rank0) - INFO -     Pixel_Accuracy_harmonic: 78.91653368809614
2025-12-20 02:05:37,305 - train(rank0) - INFO -     Pixel_Accuracy_overall: 92.21
2025-12-20 02:05:37,305 - train(rank0) - INFO -     Pixel_Accuracy_Class_old: 90.25
2025-12-20 02:05:37,305 - train(rank0) - INFO -     Pixel_Accuracy_Class_new: 63.722541072944274
2025-12-20 02:05:37,305 - train(rank0) - INFO -     Pixel_Accuracy_Class_harmonic: 74.70233492417887
2025-12-20 02:05:37,305 - train(rank0) - INFO -     Pixel_Accuracy_Class_overall: 83.94
2025-12-20 02:05:37,305 - train(rank0) - INFO -     Pixel_Accuracy_Class_by_class: 
 0  background 94.21
 1  aeroplane 95.25
 2  bicycle 93.32
 3  bird 95.37
 4  boat 92.73
 5  bottle 92.02
 6  bus 95.83
 7  car 95.33
 8  cat 97.95
 9  chair 55.78
10  cow 90.28
11  diningtable 66.00
12  dog 96.86
13  horse 94.86
14  motorbike 93.76
15  person 94.52
16 *pottedplant 47.05
17 *sheep 69.21
18 *sofa 56.57
19 *train 86.64
20 *tvmonitor 59.13

2025-12-20 02:05:37,305 - train(rank0) - INFO -     Mean_Intersection_over_Union_old: 78.05
2025-12-20 02:05:37,305 - train(rank0) - INFO -     Mean_Intersection_over_Union_new: 52.194958267929486
2025-12-20 02:05:37,305 - train(rank0) - INFO -     Mean_Intersection_over_Union_harmonic: 62.55766525437964
2025-12-20 02:05:37,305 - train(rank0) - INFO -     Mean_Intersection_over_Union_overall: 71.90
2025-12-20 02:05:37,305 - train(rank0) - INFO -     Mean_Intersection_over_Union_by_class: 
 0  background 90.82
 1  aeroplane 87.42
 2  bicycle 40.74
 3  bird 89.41
 4  boat 69.30
 5  bottle 77.74
 6  bus 92.39
 7  car 88.56
 8  cat 92.30
 9  chair 39.14
10  cow 80.69
11  diningtable 60.11
12  dog 87.52
13  horse 82.99
14  motorbike 84.58
15  person 85.19
16 *pottedplant 39.23
17 *sheep 65.91
18 *sofa 31.32
19 *train 74.05
20 *tvmonitor 50.48

2025-12-20 02:05:37,310 - train(rank0) - INFO - Epoch - 57
2025-12-20 02:05:40,097 - train(rank0) - INFO - lr[0]: 0.000009 / lr[1]: 0.000087 / lr[2]: 0.000087
2025-12-20 02:05:40,111 - train(rank0) - INFO - [0/22]
2025-12-20 02:05:44,030 - train(rank0) - INFO - [4/22]
2025-12-20 02:05:46,681 - train(rank0) - INFO - [8/22]
2025-12-20 02:05:49,285 - train(rank0) - INFO - [12/22]
2025-12-20 02:05:51,856 - train(rank0) - INFO - [16/22]
2025-12-20 02:05:54,451 - train(rank0) - INFO - [20/22]
2025-12-20 02:05:55,119 - train(rank0) - INFO -     epoch          : 57
2025-12-20 02:05:55,120 - train(rank0) - INFO -     loss           : 0.13091383603486148
2025-12-20 02:05:55,120 - train(rank0) - INFO -     loss_mbce      : 0.06302217377180402
2025-12-20 02:05:55,120 - train(rank0) - INFO -     loss_pkd       : 0.007126858505547385
2025-12-20 02:05:55,120 - train(rank0) - INFO -     loss_cont      : 0.06076480529525064
2025-12-20 02:05:55,120 - train(rank0) - INFO -     loss_bce_distill: 0.0
2025-12-20 02:05:55,120 - train(rank0) - INFO -     loss_old_step  : 0.06789166446436536
2025-12-20 02:05:55,120 - train(rank0) - INFO -     consistency_ratio: 1.0
2025-12-20 02:05:55,120 - train(rank0) - INFO -     loss_grad      : 0
2025-12-20 02:05:55,120 - train(rank0) - INFO -     loss_fake_legacy: 0.003594637552106922
2025-12-20 02:05:55,120 - train(rank0) - INFO -     loss_fake_phase: 0.07442387430505319
2025-12-20 02:05:55,120 - train(rank0) - INFO -     num_fake_legacy: 127262.0
2025-12-20 02:05:55,120 - train(rank0) - INFO -     num_fake_phase : 105663.13636363637
2025-12-20 02:05:55,121 - train(rank0) - INFO - Number of test loader: 1449
2025-12-20 02:05:55,235 - train(rank0) - INFO - [0/1449]
2025-12-20 02:06:04,128 - train(rank0) - INFO - [289/1449]
2025-12-20 02:06:11,929 - train(rank0) - INFO - [578/1449]
2025-12-20 02:06:19,831 - train(rank0) - INFO - [867/1449]
2025-12-20 02:06:28,086 - train(rank0) - INFO - [1156/1449]
2025-12-20 02:06:35,934 - train(rank0) - INFO - [1445/1449]
2025-12-20 02:06:36,012 - train(rank0) - INFO - Test evaluation at epoch 57 (validate mode)
2025-12-20 02:06:36,012 - train(rank0) - INFO -     Pixel_Accuracy_old: 93.69
2025-12-20 02:06:36,012 - train(rank0) - INFO -     Pixel_Accuracy_new: 68.18989476530443
2025-12-20 02:06:36,012 - train(rank0) - INFO -     Pixel_Accuracy_harmonic: 78.9304290575784
2025-12-20 02:06:36,012 - train(rank0) - INFO -     Pixel_Accuracy_overall: 92.21
2025-12-20 02:06:36,012 - train(rank0) - INFO -     Pixel_Accuracy_Class_old: 90.26
2025-12-20 02:06:36,012 - train(rank0) - INFO -     Pixel_Accuracy_Class_new: 63.77105727153268
2025-12-20 02:06:36,012 - train(rank0) - INFO -     Pixel_Accuracy_Class_harmonic: 74.73625162719911
2025-12-20 02:06:36,012 - train(rank0) - INFO -     Pixel_Accuracy_Class_overall: 83.95
2025-12-20 02:06:36,012 - train(rank0) - INFO -     Pixel_Accuracy_Class_by_class: 
 0  background 94.21
 1  aeroplane 95.23
 2  bicycle 93.31
 3  bird 95.36
 4  boat 92.73
 5  bottle 92.02
 6  bus 95.84
 7  car 95.33
 8  cat 97.95
 9  chair 55.84
10  cow 90.28
11  diningtable 66.01
12  dog 96.85
13  horse 94.85
14  motorbike 93.75
15  person 94.51
16 *pottedplant 47.04
17 *sheep 69.22
18 *sofa 56.64
19 *train 86.54
20 *tvmonitor 59.42

2025-12-20 02:06:36,012 - train(rank0) - INFO -     Mean_Intersection_over_Union_old: 78.06
2025-12-20 02:06:36,013 - train(rank0) - INFO -     Mean_Intersection_over_Union_new: 52.23229608172856
2025-12-20 02:06:36,013 - train(rank0) - INFO -     Mean_Intersection_over_Union_harmonic: 62.58553698258748
2025-12-20 02:06:36,013 - train(rank0) - INFO -     Mean_Intersection_over_Union_overall: 71.91
2025-12-20 02:06:36,013 - train(rank0) - INFO -     Mean_Intersection_over_Union_by_class: 
 0  background 90.82
 1  aeroplane 87.42
 2  bicycle 40.73
 3  bird 89.40
 4  boat 69.30
 5  bottle 77.77
 6  bus 92.40
 7  car 88.56
 8  cat 92.31
 9  chair 39.12
10  cow 80.69
11  diningtable 60.11
12  dog 87.53
13  horse 82.99
14  motorbike 84.58
15  person 85.20
16 *pottedplant 39.22
17 *sheep 65.92
18 *sofa 31.30
19 *train 74.13
20 *tvmonitor 50.60

2025-12-20 02:06:36,018 - train(rank0) - INFO - Epoch - 58
2025-12-20 02:06:38,965 - train(rank0) - INFO - lr[0]: 0.000007 / lr[1]: 0.000067 / lr[2]: 0.000067
2025-12-20 02:06:38,966 - train(rank0) - INFO - [0/22]
2025-12-20 02:06:43,380 - train(rank0) - INFO - [4/22]
2025-12-20 02:06:46,177 - train(rank0) - INFO - [8/22]
2025-12-20 02:06:48,757 - train(rank0) - INFO - [12/22]
2025-12-20 02:06:51,407 - train(rank0) - INFO - [16/22]
2025-12-20 02:06:53,981 - train(rank0) - INFO - [20/22]
2025-12-20 02:06:54,642 - train(rank0) - INFO -     epoch          : 58
2025-12-20 02:06:54,642 - train(rank0) - INFO -     loss           : 0.1309770874001763
2025-12-20 02:06:54,643 - train(rank0) - INFO -     loss_mbce      : 0.06267571703276852
2025-12-20 02:06:54,643 - train(rank0) - INFO -     loss_pkd       : 0.007892792451788078
2025-12-20 02:06:54,643 - train(rank0) - INFO -     loss_cont      : 0.06040857651016931
2025-12-20 02:06:54,643 - train(rank0) - INFO -     loss_bce_distill: 0.0
2025-12-20 02:06:54,643 - train(rank0) - INFO -     loss_old_step  : 0.06830137053673918
2025-12-20 02:06:54,643 - train(rank0) - INFO -     consistency_ratio: 1.0
2025-12-20 02:06:54,643 - train(rank0) - INFO -     loss_grad      : 0
2025-12-20 02:06:54,643 - train(rank0) - INFO -     loss_fake_legacy: 0.0035786178619177504
2025-12-20 02:06:54,643 - train(rank0) - INFO -     loss_fake_phase: 0.07471792704679749
2025-12-20 02:06:54,643 - train(rank0) - INFO -     num_fake_legacy: 127262.0
2025-12-20 02:06:54,643 - train(rank0) - INFO -     num_fake_phase : 106899.54545454546
2025-12-20 02:06:54,643 - train(rank0) - INFO - Number of test loader: 1449
2025-12-20 02:06:54,760 - train(rank0) - INFO - [0/1449]
2025-12-20 02:07:02,665 - train(rank0) - INFO - [289/1449]
2025-12-20 02:07:11,006 - train(rank0) - INFO - [578/1449]
2025-12-20 02:07:18,968 - train(rank0) - INFO - [867/1449]
2025-12-20 02:07:26,875 - train(rank0) - INFO - [1156/1449]
2025-12-20 02:07:35,133 - train(rank0) - INFO - [1445/1449]
2025-12-20 02:07:35,207 - train(rank0) - INFO - Test evaluation at epoch 58 (validate mode)
2025-12-20 02:07:35,207 - train(rank0) - INFO -     Pixel_Accuracy_old: 93.69
2025-12-20 02:07:35,207 - train(rank0) - INFO -     Pixel_Accuracy_new: 68.11684138216904
2025-12-20 02:07:35,207 - train(rank0) - INFO -     Pixel_Accuracy_harmonic: 78.88341808911062
2025-12-20 02:07:35,207 - train(rank0) - INFO -     Pixel_Accuracy_overall: 92.22
2025-12-20 02:07:35,207 - train(rank0) - INFO -     Pixel_Accuracy_Class_old: 90.24
2025-12-20 02:07:35,208 - train(rank0) - INFO -     Pixel_Accuracy_Class_new: 63.671637071607975
2025-12-20 02:07:35,208 - train(rank0) - INFO -     Pixel_Accuracy_Class_harmonic: 74.66247228115678
2025-12-20 02:07:35,208 - train(rank0) - INFO -     Pixel_Accuracy_Class_overall: 83.91
2025-12-20 02:07:35,208 - train(rank0) - INFO -     Pixel_Accuracy_Class_by_class: 
 0  background 94.22
 1  aeroplane 95.21
 2  bicycle 93.30
 3  bird 95.36
 4  boat 92.72
 5  bottle 91.90
 6  bus 95.82
 7  car 95.33
 8  cat 97.95
 9  chair 55.84
10  cow 90.27
11  diningtable 65.96
12  dog 96.85
13  horse 94.86
14  motorbike 93.75
15  person 94.51
16 *pottedplant 46.95
17 *sheep 69.23
18 *sofa 56.66
19 *train 86.49
20 *tvmonitor 59.03

2025-12-20 02:07:35,208 - train(rank0) - INFO -     Mean_Intersection_over_Union_old: 78.06
2025-12-20 02:07:35,208 - train(rank0) - INFO -     Mean_Intersection_over_Union_new: 52.18362233514754
2025-12-20 02:07:35,208 - train(rank0) - INFO -     Mean_Intersection_over_Union_harmonic: 62.55240386711762
2025-12-20 02:07:35,208 - train(rank0) - INFO -     Mean_Intersection_over_Union_overall: 71.90
2025-12-20 02:07:35,208 - train(rank0) - INFO -     Mean_Intersection_over_Union_by_class: 
 0  background 90.82
 1  aeroplane 87.43
 2  bicycle 40.75
 3  bird 89.40
 4  boat 69.31
 5  bottle 77.82
 6  bus 92.39
 7  car 88.56
 8  cat 92.32
 9  chair 39.12
10  cow 80.68
11  diningtable 60.10
12  dog 87.53
13  horse 82.98
14  motorbike 84.59
15  person 85.20
16 *pottedplant 39.19
17 *sheep 65.91
18 *sofa 31.29
19 *train 74.07
20 *tvmonitor 50.45

2025-12-20 02:07:35,213 - train(rank0) - INFO - Epoch - 59
2025-12-20 02:07:38,335 - train(rank0) - INFO - lr[0]: 0.000005 / lr[1]: 0.000046 / lr[2]: 0.000046
2025-12-20 02:07:38,335 - train(rank0) - INFO - [0/22]
2025-12-20 02:07:41,871 - train(rank0) - INFO - [4/22]
2025-12-20 02:07:44,588 - train(rank0) - INFO - [8/22]
2025-12-20 02:07:47,230 - train(rank0) - INFO - [12/22]
2025-12-20 02:07:49,896 - train(rank0) - INFO - [16/22]
2025-12-20 02:07:52,593 - train(rank0) - INFO - [20/22]
2025-12-20 02:07:53,261 - train(rank0) - INFO -     epoch          : 59
2025-12-20 02:07:53,262 - train(rank0) - INFO -     loss           : 0.13557091185992415
2025-12-20 02:07:53,262 - train(rank0) - INFO -     loss_mbce      : 0.06620850261639465
2025-12-20 02:07:53,262 - train(rank0) - INFO -     loss_pkd       : 0.008473724883515388
2025-12-20 02:07:53,262 - train(rank0) - INFO -     loss_cont      : 0.06088868189941754
2025-12-20 02:07:53,262 - train(rank0) - INFO -     loss_bce_distill: 0.0
2025-12-20 02:07:53,262 - train(rank0) - INFO -     loss_old_step  : 0.0693624077195471
2025-12-20 02:07:53,262 - train(rank0) - INFO -     consistency_ratio: 1.0
2025-12-20 02:07:53,262 - train(rank0) - INFO -     loss_grad      : 0
2025-12-20 02:07:53,262 - train(rank0) - INFO -     loss_fake_legacy: 0.0036054537525739183
2025-12-20 02:07:53,262 - train(rank0) - INFO -     loss_fake_phase: 0.07392941347577354
2025-12-20 02:07:53,262 - train(rank0) - INFO -     num_fake_legacy: 127262.0
2025-12-20 02:07:53,262 - train(rank0) - INFO -     num_fake_phase : 104913.54545454546
2025-12-20 02:07:53,262 - train(rank0) - INFO - Number of test loader: 1449
2025-12-20 02:07:53,446 - train(rank0) - INFO - [0/1449]
2025-12-20 02:08:01,438 - train(rank0) - INFO - [289/1449]
2025-12-20 02:08:09,341 - train(rank0) - INFO - [578/1449]
2025-12-20 02:08:18,915 - train(rank0) - INFO - [867/1449]
2025-12-20 02:08:26,778 - train(rank0) - INFO - [1156/1449]
2025-12-20 02:08:34,567 - train(rank0) - INFO - [1445/1449]
2025-12-20 02:08:34,641 - train(rank0) - INFO - Test evaluation at epoch 59 (validate mode)
2025-12-20 02:08:34,642 - train(rank0) - INFO -     Pixel_Accuracy_old: 93.68
2025-12-20 02:08:34,642 - train(rank0) - INFO -     Pixel_Accuracy_new: 68.20306037666936
2025-12-20 02:08:34,642 - train(rank0) - INFO -     Pixel_Accuracy_harmonic: 78.93795760637623
2025-12-20 02:08:34,642 - train(rank0) - INFO -     Pixel_Accuracy_overall: 92.21
2025-12-20 02:08:34,642 - train(rank0) - INFO -     Pixel_Accuracy_Class_old: 90.24
2025-12-20 02:08:34,642 - train(rank0) - INFO -     Pixel_Accuracy_Class_new: 63.76556708126641
2025-12-20 02:08:34,642 - train(rank0) - INFO -     Pixel_Accuracy_Class_harmonic: 74.72795367824253
2025-12-20 02:08:34,642 - train(rank0) - INFO -     Pixel_Accuracy_Class_overall: 83.94
2025-12-20 02:08:34,642 - train(rank0) - INFO -     Pixel_Accuracy_Class_by_class: 
 0  background 94.21
 1  aeroplane 95.23
 2  bicycle 93.31
 3  bird 95.36
 4  boat 92.74
 5  bottle 91.89
 6  bus 95.82
 7  car 95.34
 8  cat 97.95
 9  chair 55.82
10  cow 90.26
11  diningtable 65.95
12  dog 96.85
13  horse 94.86
14  motorbike 93.76
15  person 94.52
16 *pottedplant 47.01
17 *sheep 69.25
18 *sofa 56.65
19 *train 86.60
20 *tvmonitor 59.31

2025-12-20 02:08:34,642 - train(rank0) - INFO -     Mean_Intersection_over_Union_old: 78.05
2025-12-20 02:08:34,642 - train(rank0) - INFO -     Mean_Intersection_over_Union_new: 52.204158787405746
2025-12-20 02:08:34,642 - train(rank0) - INFO -     Mean_Intersection_over_Union_harmonic: 62.56346998228403
2025-12-20 02:08:34,642 - train(rank0) - INFO -     Mean_Intersection_over_Union_overall: 71.90
2025-12-20 02:08:34,642 - train(rank0) - INFO -     Mean_Intersection_over_Union_by_class: 
 0  background 90.82
 1  aeroplane 87.41
 2  bicycle 40.74
 3  bird 89.40
 4  boat 69.28
 5  bottle 77.78
 6  bus 92.38
 7  car 88.56
 8  cat 92.30
 9  chair 39.13
10  cow 80.67
11  diningtable 60.09
12  dog 87.52
13  horse 82.96
14  motorbike 84.58
15  person 85.19
16 *pottedplant 39.21
17 *sheep 65.93
18 *sofa 31.31
19 *train 74.01
20 *tvmonitor 50.56

2025-12-20 02:08:34,647 - train(rank0) - INFO - Epoch - 60
2025-12-20 02:08:39,751 - train(rank0) - INFO - lr[0]: 0.000002 / lr[1]: 0.000024 / lr[2]: 0.000024
2025-12-20 02:08:39,752 - train(rank0) - INFO - [0/22]
2025-12-20 02:08:42,692 - train(rank0) - INFO - [4/22]
2025-12-20 02:08:45,432 - train(rank0) - INFO - [8/22]
2025-12-20 02:08:48,047 - train(rank0) - INFO - [12/22]
2025-12-20 02:08:50,697 - train(rank0) - INFO - [16/22]
2025-12-20 02:08:53,522 - train(rank0) - INFO - [20/22]
2025-12-20 02:08:54,186 - train(rank0) - INFO -     epoch          : 60
2025-12-20 02:08:54,187 - train(rank0) - INFO -     loss           : 0.13115558434616437
2025-12-20 02:08:54,187 - train(rank0) - INFO -     loss_mbce      : 0.0631040974774144
2025-12-20 02:08:54,187 - train(rank0) - INFO -     loss_pkd       : 0.007512302465990863
2025-12-20 02:08:54,187 - train(rank0) - INFO -     loss_cont      : 0.06053918302059174
2025-12-20 02:08:54,187 - train(rank0) - INFO -     loss_bce_distill: 0.0
2025-12-20 02:08:54,187 - train(rank0) - INFO -     loss_old_step  : 0.06805148686874997
2025-12-20 02:08:54,187 - train(rank0) - INFO -     consistency_ratio: 1.0
2025-12-20 02:08:54,187 - train(rank0) - INFO -     loss_grad      : 0
2025-12-20 02:08:54,187 - train(rank0) - INFO -     loss_fake_legacy: 0.0035728998164730992
2025-12-20 02:08:54,187 - train(rank0) - INFO -     loss_fake_phase: 0.07456868717616255
2025-12-20 02:08:54,187 - train(rank0) - INFO -     num_fake_legacy: 127262.0
2025-12-20 02:08:54,187 - train(rank0) - INFO -     num_fake_phase : 105924.31818181818
2025-12-20 02:08:54,187 - train(rank0) - INFO - Number of test loader: 1449
2025-12-20 02:08:54,314 - train(rank0) - INFO - [0/1449]
2025-12-20 02:09:02,297 - train(rank0) - INFO - [289/1449]
2025-12-20 02:09:10,764 - train(rank0) - INFO - [578/1449]
2025-12-20 02:09:18,637 - train(rank0) - INFO - [867/1449]
2025-12-20 02:09:26,706 - train(rank0) - INFO - [1156/1449]
2025-12-20 02:09:35,190 - train(rank0) - INFO - [1445/1449]
2025-12-20 02:09:35,263 - train(rank0) - INFO - Test evaluation at epoch 60 (validate mode)
2025-12-20 02:09:35,263 - train(rank0) - INFO -     Pixel_Accuracy_old: 93.69
2025-12-20 02:09:35,263 - train(rank0) - INFO -     Pixel_Accuracy_new: 68.15313288694071
2025-12-20 02:09:35,263 - train(rank0) - INFO -     Pixel_Accuracy_harmonic: 78.90591244819153
2025-12-20 02:09:35,263 - train(rank0) - INFO -     Pixel_Accuracy_overall: 92.21
2025-12-20 02:09:35,263 - train(rank0) - INFO -     Pixel_Accuracy_Class_old: 90.24
2025-12-20 02:09:35,263 - train(rank0) - INFO -     Pixel_Accuracy_Class_new: 63.70248938120585
2025-12-20 02:09:35,263 - train(rank0) - INFO -     Pixel_Accuracy_Class_harmonic: 74.68442872392606
2025-12-20 02:09:35,263 - train(rank0) - INFO -     Pixel_Accuracy_Class_overall: 83.92
2025-12-20 02:09:35,263 - train(rank0) - INFO -     Pixel_Accuracy_Class_by_class: 
 0  background 94.21
 1  aeroplane 95.23
 2  bicycle 93.30
 3  bird 95.37
 4  boat 92.74
 5  bottle 91.85
 6  bus 95.81
 7  car 95.33
 8  cat 97.95
 9  chair 55.83
10  cow 90.26
11  diningtable 65.96
12  dog 96.85
13  horse 94.87
14  motorbike 93.77
15  person 94.52
16 *pottedplant 46.99
17 *sheep 69.26
18 *sofa 56.59
19 *train 86.61
20 *tvmonitor 59.06

2025-12-20 02:09:35,263 - train(rank0) - INFO -     Mean_Intersection_over_Union_old: 78.05
2025-12-20 02:09:35,263 - train(rank0) - INFO -     Mean_Intersection_over_Union_new: 52.17705606553712
2025-12-20 02:09:35,263 - train(rank0) - INFO -     Mean_Intersection_over_Union_harmonic: 62.54385439594019
2025-12-20 02:09:35,263 - train(rank0) - INFO -     Mean_Intersection_over_Union_overall: 71.89
2025-12-20 02:09:35,263 - train(rank0) - INFO -     Mean_Intersection_over_Union_by_class: 
 0  background 90.82
 1  aeroplane 87.42
 2  bicycle 40.74
 3  bird 89.40
 4  boat 69.29
 5  bottle 77.77
 6  bus 92.38
 7  car 88.57
 8  cat 92.29
 9  chair 39.13
10  cow 80.67
11  diningtable 60.10
12  dog 87.52
13  horse 82.96
14  motorbike 84.59
15  person 85.19
16 *pottedplant 39.20
17 *sheep 65.94
18 *sofa 31.31
19 *train 73.97
20 *tvmonitor 50.46

2025-12-20 02:09:36,704 - train(rank0) - INFO - Saving checkpoint: saved_voc/models/overlap_15-1_phase-append-hardclass/step_5_20251220-013556/checkpoint-epoch60.pth ...
2025-12-20 02:09:36,705 - train(rank0) - INFO - computing prototypes...
2025-12-20 02:09:40,782 - train(rank0) - INFO - [0/22]
2025-12-20 02:09:41,842 - train(rank0) - INFO - [4/22]
2025-12-20 02:09:42,806 - train(rank0) - INFO - [8/22]
2025-12-20 02:09:43,870 - train(rank0) - INFO - [12/22]
2025-12-20 02:09:45,264 - train(rank0) - INFO - [16/22]
2025-12-20 02:09:46,040 - train(rank0) - INFO - [20/22]
2025-12-20 02:09:46,237 - train(rank0) - INFO - computing noise...
2025-12-20 02:09:51,312 - train(rank0) - INFO - [0/22]
2025-12-20 02:09:52,446 - train(rank0) - INFO - [4/22]
2025-12-20 02:09:53,220 - train(rank0) - INFO - [8/22]
2025-12-20 02:09:54,859 - train(rank0) - INFO - [12/22]
2025-12-20 02:09:55,621 - train(rank0) - INFO - [16/22]
2025-12-20 02:09:56,383 - train(rank0) - INFO - [20/22]
2025-12-20 02:09:56,645 - train(rank0) - INFO - Number of test loader: 1449
2025-12-20 02:09:56,840 - train(rank0) - INFO - [0/1449]
2025-12-20 02:10:04,785 - train(rank0) - INFO - [289/1449]
2025-12-20 02:10:12,744 - train(rank0) - INFO - [578/1449]
2025-12-20 02:10:21,017 - train(rank0) - INFO - [867/1449]
2025-12-20 02:10:28,877 - train(rank0) - INFO - [1156/1449]
2025-12-20 02:10:37,080 - train(rank0) - INFO - [1445/1449]
2025-12-20 02:10:37,182 - train(rank0) - INFO -     Pixel_Accuracy_old: 93.69
2025-12-20 02:10:37,183 - train(rank0) - INFO -     Pixel_Accuracy_new: 68.15313288694071
2025-12-20 02:10:37,183 - train(rank0) - INFO -     Pixel_Accuracy_harmonic: 78.90591244819153
2025-12-20 02:10:37,183 - train(rank0) - INFO -     Pixel_Accuracy_overall: 92.21
2025-12-20 02:10:37,183 - train(rank0) - INFO -     Pixel_Accuracy_Class_old: 90.24
2025-12-20 02:10:37,183 - train(rank0) - INFO -     Pixel_Accuracy_Class_new: 63.70248938120585
2025-12-20 02:10:37,183 - train(rank0) - INFO -     Pixel_Accuracy_Class_harmonic: 74.68442872392606
2025-12-20 02:10:37,183 - train(rank0) - INFO -     Pixel_Accuracy_Class_overall: 83.92
2025-12-20 02:10:37,183 - train(rank0) - INFO -     Pixel_Accuracy_Class_by_class: 
 0  background 94.21
 1  aeroplane 95.23
 2  bicycle 93.30
 3  bird 95.37
 4  boat 92.74
 5  bottle 91.85
 6  bus 95.81
 7  car 95.33
 8  cat 97.95
 9  chair 55.83
10  cow 90.26
11  diningtable 65.96
12  dog 96.85
13  horse 94.87
14  motorbike 93.77
15  person 94.52
16 *pottedplant 46.99
17 *sheep 69.26
18 *sofa 56.59
19 *train 86.61
20 *tvmonitor 59.06

2025-12-20 02:10:37,183 - train(rank0) - INFO -     Mean_Intersection_over_Union_old: 78.05
2025-12-20 02:10:37,183 - train(rank0) - INFO -     Mean_Intersection_over_Union_new: 52.17705606553712
2025-12-20 02:10:37,183 - train(rank0) - INFO -     Mean_Intersection_over_Union_harmonic: 62.54385439594019
2025-12-20 02:10:37,183 - train(rank0) - INFO -     Mean_Intersection_over_Union_overall: 71.89
2025-12-20 02:10:37,183 - train(rank0) - INFO -     Mean_Intersection_over_Union_by_class: 
 0  background 90.82
 1  aeroplane 87.42
 2  bicycle 40.74
 3  bird 89.40
 4  boat 69.29
 5  bottle 77.77
 6  bus 92.38
 7  car 88.57
 8  cat 92.29
 9  chair 39.13
10  cow 80.67
11  diningtable 60.10
12  dog 87.52
13  horse 82.96
14  motorbike 84.59
15  person 85.19
16 *pottedplant 39.20
17 *sheep 65.94
18 *sofa 31.31
19 *train 73.97
20 *tvmonitor 50.46

